Rk,Player,Pos,Age,Tm,G,MP,PER,TS%,3PAr,FTr,ORB%,DRB%,TRB%,AST%,STL%,BLK%,TOV%,USG%,,OWS,DWS,WS,WS/48,,OBPM,DBPM,BPM,VORP
1,Alex Abrines\abrinal01,SG,24,OKC,26,466,7.6,.542,.686,.161,2.5,8.6,5.4,3.5,1.7,0.4,10.6,13.1,,0.2,0.5,0.8,.080,,-1.8,-1.1,-2.9,-0.1
2,Quincy Acy\acyqu01,PF,27,BRK,23,399,5.6,.483,.788,.308,3.6,19.5,11.5,4.9,0.8,0.8,17.5,15.0,,-0.3,0.3,0.0,-0.001,,-3.7,-0.8,-4.6,-0.3
3,Steven Adams\adamsst01,C,24,OKC,25,814,20.9,.648,.004,.335,16.4,13.9,15.2,4.3,1.8,2.8,13.7,16.3,,2.2,1.2,3.5,.205,,1.8,1.2,3.1,1.0
4,Bam Adebayo\adebaba01,C,20,MIA,19,323,18.0,.689,.000,.588,10.0,17.6,13.9,4.4,2.2,3.1,15.7,14.3,,0.8,0.5,1.3,.188,,-0.3,1.9,1.6,0.3
5,Arron Afflalo\afflaar01,SG,32,ORL,22,300,3.5,.443,.439,.246,1.1,11.6,6.3,4.8,0.2,1.0,11.2,10.3,,-0.2,0.1,-0.1,-0.020,,-4.9,-1.2,-6.2,-0.3
6,Cole Aldrich\aldrico01,C,29,MIN,6,13,11.4,.387,.000,.667,0.0,9.0,4.5,10.3,7.7,0.0,0.0,13.2,,0.0,0.0,0.0,.084,,-2.9,3.1,0.2,0.0
7,LaMarcus Aldridge\aldrila01,PF,32,SAS,28,934,24.6,.561,.091,.299,11.4,16.1,13.8,12.0,0.8,2.8,6.8,28.8,,2.9,1.2,4.1,.212,,3.2,-0.3,2.8,1.1
8,Jarrett Allen\allenja01,C,19,BRK,19,309,14.5,.577,.027,.342,8.7,14.6,11.6,4.3,1.5,4.4,9.7,12.6,,0.5,0.4,0.8,.129,,-1.9,2.3,0.3,0.2
9,Kadeem Allen\allenka01,PG,25,BOS,1,5,-3.3,.266,1.000,2.000,22.6,21.5,22.0,0.0,0.0,0.0,34.7,25.8,,0.0,0.0,0.0,-0.281,,-12.7,-8.0,-20.7,0.0
10,Tony Allen\allento01,SG,36,NOP,22,273,8.9,.514,.132,.231,8.5,10.7,9.6,4.7,1.9,0.9,15.9,19.1,,-0.1,0.2,0.0,.009,,-3.9,-1.7,-5.6,-0.2
11,Al-Farouq Aminu\aminual01,PF,27,POR,15,450,14.5,.636,.600,.122,5.0,21.7,13.4,5.7,1.0,2.4,12.3,13.5,,0.8,0.7,1.5,.157,,0.8,1.6,2.4,0.5
12,Justin Anderson\anderju01,SF,24,PHI,10,126,9.6,.489,.542,.146,8.7,13.9,11.4,3.5,1.1,0.7,7.3,18.3,,0.1,0.1,0.2,.063,,-1.8,-3.0,-4.8,-0.1
13,Kyle Anderson\anderky01,SF,24,SAS,23,631,16.7,.569,.071,.340,5.5,18.8,12.1,16.6,2.2,2.6,14.3,14.9,,1.0,1.1,2.1,.157,,-0.1,3.3,3.2,0.8
14,Ryan Anderson\anderry01,PF,29,HOU,26,745,13.7,.626,.739,.126,5.9,15.4,10.7,3.9,0.6,1.0,9.0,15.5,,1.5,0.7,2.2,.139,,1.8,-1.3,0.5,0.5
15,Ike Anigbogu\anigbik01,C,19,IND,6,17,5.2,.340,.000,.400,13.3,12.8,13.0,0.0,2.9,4.9,25.4,20.4,,-0.1,0.0,0.0,-0.112,,-11.2,-1.1,-12.3,0.0
16,Giannis Antetokounmpo\antetgi01,PF,23,MIL,26,982,31.4,.614,.086,.481,7.1,26.2,16.6,22.7,2.4,3.7,10.5,33.1,,4.0,1.4,5.4,.262,,5.8,1.7,7.5,2.4
17,Carmelo Anthony\anthoca01,SF,33,OKC,27,902,14.4,.506,.362,.220,2.6,19.8,10.8,7.8,1.2,2.1,7.7,24.9,,0.5,1.3,1.9,.099,,-1.8,-0.9,-2.8,-0.2
18,OG Anunoby\anunoog01,SF,20,TOR,27,548,11.4,.616,.549,.180,3.9,7.4,5.7,5.7,2.1,0.2,9.5,12.7,,0.9,0.5,1.4,.123,,1.8,0.1,2.0,0.6
19,Ryan Arcidiacono\arcidry01,PG,23,CHI,1,5,-13.2,.000,1.000,.000,0.0,0.0,0.0,25.8,0.0,0.0,0.0,17.7,,0.0,0.0,0.0,-0.363,,-12.5,-9.9,-22.4,0.0
20,Trevor Ariza\arizatr01,SF,32,HOU,25,864,12.6,.600,.747,.118,1.7,12.6,7.3,7.5,2.3,0.5,8.4,13.2,,1.3,1.1,2.4,.133,,1.7,1.1,2.8,1.0
21,Darrell Arthur\arthuda01,PF,29,DEN,4,38,-9.4,.269,.692,.000,2.9,12.0,7.4,3.5,2.6,0.0,35.0,22.6,,-0.3,0.0,-0.3,-0.329,,-12.7,-2.3,-15.0,-0.1
22,Jamel Artis\artisja01,SG,25,ORL,1,1,-40.4,.000,.000,.000,0.0,0.0,0.0,0.0,0.0,0.0,0.0,43.5,,0.0,0.0,0.0,-1.108,,-37.5,-12.6,-50.0,0.0
23,Omer Asik\asikom01,C,31,NOP,8,72,5.4,.463,.000,.182,4.9,27.0,16.3,3.5,0.0,0.0,14.4,8.4,,0.0,0.0,0.0,.014,,-6.2,-1.7,-7.9,-0.1
24,D.J. Augustin\augusdj01,PG,30,ORL,23,471,15.0,.625,.481,.406,1.2,8.3,4.7,24.0,1.9,0.0,19.1,17.9,,0.8,0.2,1.1,.109,,0.9,-2.3,-1.4,0.1
25,Luke Babbitt\babbilu01,SF,28,ATL,26,490,12.2,.639,.638,.135,0.9,15.6,8.2,6.5,0.7,0.7,8.6,14.8,,0.8,0.1,0.9,.086,,0.4,-2.4,-2.0,0.0
26,Dwayne Bacon\bacondw01,SG,22,CHO,26,438,4.9,.430,.271,.121,0.2,20.2,10.1,6.6,0.9,0.4,11.0,12.5,,-0.4,0.4,0.0,.000,,-5.6,0.6,-5.0,-0.3
27,Ron Baker\bakerro01,SG,24,NYK,10,148,13.6,.611,.545,.773,0.8,4.5,2.7,20.9,4.0,1.9,23.4,11.4,,0.2,0.2,0.4,.127,,0.1,0.7,0.8,0.1
28,Lonzo Ball\balllo01,PG,20,LAL,27,899,11.0,.401,.457,.128,4.3,17.6,11.0,29.4,2.0,2.2,19.1,17.5,,-0.8,1.3,0.5,.026,,-2.4,2.4,0.0,0.4
29,J.J. Barea\bareajo01,PG,33,DAL,29,657,18.6,.556,.475,.186,1.1,14.3,7.4,42.0,1.1,0.1,15.6,26.1,,1.0,0.5,1.5,.111,,3.3,-1.7,1.5,0.6
30,Harrison Barnes\barneha02,PF,25,DAL,29,1014,15.8,.530,.229,.292,3.9,19.9,11.6,10.1,1.0,0.3,9.4,24.8,,0.7,0.9,1.6,.074,,-1.3,-0.6,-1.9,0.0
31,Will Barton\bartowi01,SG,27,DEN,28,881,17.9,.579,.409,.235,3.1,15.9,9.4,17.6,1.8,1.5,11.8,21.1,,1.8,0.7,2.5,.135,,2.5,-0.5,2.0,0.9
32,Nicolas Batum\batumni01,SG,29,CHO,14,424,10.8,.458,.400,.207,2.2,14.0,8.0,23.6,1.6,0.8,16.4,18.0,,-0.2,0.4,0.3,.029,,-1.9,0.8,-1.1,0.1
33,Jerryd Bayless\bayleje01,SG,29,PHI,22,577,8.6,.563,.563,.225,1.3,8.0,4.8,9.3,1.2,0.4,14.2,14.9,,0.3,0.4,0.7,.057,,-1.1,-1.3,-2.4,-0.1
34,Aron Baynes\baynear01,C,31,BOS,31,558,13.4,.535,.026,.277,11.1,20.4,15.9,7.6,0.9,3.0,16.4,16.7,,0.4,1.0,1.3,.114,,-3.1,2.0,-1.1,0.1
35,Kent Bazemore\bazemke01,SG,28,ATL,29,830,14.6,.528,.395,.309,1.9,16.6,9.2,19.7,3.1,1.9,17.2,22.0,,0.1,0.8,0.9,.053,,-1.0,1.2,0.3,0.5
36,Bradley Beal\bealbr01,SG,24,WAS,29,1019,19.8,.558,.330,.297,2.7,10.5,6.6,17.4,1.6,1.2,10.2,29.5,,1.7,1.1,2.7,.129,,2.9,-1.1,1.8,1.0
37,Malik Beasley\beaslma01,SG,21,DEN,26,282,8.5,.490,.407,.198,3.5,14.2,8.7,8.1,0.7,0.6,12.4,17.2,,0.0,0.1,0.1,.017,,-3.1,-2.9,-6.0,-0.3
38,Michael Beasley\beaslmi01,PF,29,NYK,22,343,13.1,.535,.091,.200,7.9,18.2,13.2,9.9,0.6,1.9,19.3,28.4,,-0.3,0.3,-0.1,-0.007,,-3.8,-1.5,-5.3,-0.3
39,Marco Belinelli\belinma01,SG,31,ATL,29,717,14.9,.561,.531,.227,0.8,9.9,5.3,14.3,1.9,0.1,9.5,20.8,,1.0,0.2,1.2,.081,,1.1,-2.6,-1.5,0.1
40,Jordan Bell\belljo01,C,23,GSW,23,273,21.8,.742,.000,.060,10.9,18.6,15.1,16.0,2.4,6.7,20.7,13.8,,0.8,0.6,1.3,.234,,2.6,4.6,7.1,0.6
41,DeAndre' Bembry\bembrde01,SF,23,ATL,15,268,5.4,.452,.203,.241,2.1,13.0,7.5,12.0,2.0,2.7,25.6,19.4,,-0.7,0.2,-0.5,-0.093,,-7.3,0.5,-6.8,-0.3
42,Dragan Bender\bendedr01,PF,20,PHO,30,608,7.1,.503,.667,.113,2.2,15.5,8.7,6.3,0.6,2.5,15.9,12.1,,-0.2,0.2,0.0,.003,,-2.5,-0.4,-3.0,-0.2
43,Davis Bertans\bertada01,PF,25,SAS,25,235,15.0,.606,.771,.120,1.9,14.3,8.1,8.7,1.3,2.9,10.3,18.6,,0.4,0.3,0.7,.141,,1.6,-0.7,0.9,0.2
44,Patrick Beverley\beverpa01,SG,29,LAC,11,334,13.1,.530,.504,.143,5.2,9.8,7.4,14.9,2.8,1.3,16.5,19.8,,0.1,0.3,0.4,.061,,0.6,0.1,0.7,0.2
45,Khem Birch\birchkh01,C,25,ORL,4,11,9.7,.400,.000,.000,19.8,0.0,9.9,14.1,0.0,0.0,0.0,19.8,,0.0,0.0,0.0,.045,,-0.5,-4.2,-4.7,0.0
46,Jabari Bird\birdja01,SG,23,BOS,3,21,7.2,.403,.500,1.250,0.0,10.2,5.2,6.5,2.4,0.0,0.0,13.2,,0.0,0.0,0.0,.061,,-4.1,-0.1,-4.2,0.0
47,Bismack Biyombo\biyombi01,C,25,ORL,30,458,10.9,.526,.010,.583,9.5,23.0,16.3,3.0,0.5,5.4,19.9,14.3,,0.0,0.5,0.5,.048,,-5.5,1.2,-4.3,-0.3
48,Nemanja Bjelica\bjeline01,PF,29,MIN,18,275,18.2,.725,.494,.145,3.3,18.3,10.8,7.2,1.8,1.3,12.8,16.3,,0.7,0.2,1.0,.167,,3.1,-1.2,1.9,0.3
49,Tarik Black\blackta01,C,26,HOU,20,165,13.5,.549,.159,.409,11.8,23.6,17.8,5.3,2.0,4.6,17.5,16.5,,0.1,0.3,0.5,.134,,-3.3,2.3,-1.0,0.0
50,Antonio Blakeney\blakean01,SG,21,CHI,11,163,8.4,.457,.364,.247,1.9,11.6,6.5,7.1,0.6,0.0,8.6,25.3,,-0.2,0.1,-0.2,-0.048,,-4.7,-4.2,-9.0,-0.3
51,Eric Bledsoe\bledser01,PG,28,TOT,20,620,18.0,.537,.349,.367,3.0,10.7,6.8,21.8,3.2,1.8,15.6,27.7,,0.3,0.6,0.9,.068,,0.7,-1.0,-0.2,0.3
51,Eric Bledsoe\bledser01,PG,28,PHO,3,83,13.5,.509,.325,.350,3.7,5.2,4.4,17.3,2.3,1.9,17.8,28.2,,-0.1,0.0,0.0,-0.016,,-1.8,-2.7,-4.5,0.0
51,Eric Bledsoe\bledser01,PG,28,MIL,17,537,18.7,.542,.353,.370,2.9,11.6,7.2,22.5,3.4,1.8,15.2,27.6,,0.3,0.6,0.9,.081,,1.1,-0.7,0.4,0.3
52,Vander Blue\blueva01,SG,25,LAL,4,28,-3.2,.333,.000,.000,0.0,3.8,1.9,4.4,0.0,0.0,40.0,7.4,,-0.1,0.0,-0.1,-0.098,,-9.3,-1.2,-10.5,-0.1
53,Bogdan Bogdanovic\bogdabo01,SG,25,SAC,25,616,12.5,.541,.416,.167,1.4,10.1,5.6,14.4,2.3,1.2,15.1,19.3,,0.1,0.3,0.4,.035,,-0.9,-1.0,-1.8,0.0
54,Bojan Bogdanovic\bogdabo02,SF,28,IND,29,916,13.2,.606,.467,.184,1.0,9.9,5.5,6.1,1.0,0.1,9.1,18.0,,1.4,0.4,1.8,.094,,1.3,-2.2,-0.9,0.3
55,Andrew Bogut\bogutan01,C,33,LAL,16,123,11.3,.600,.000,.000,10.2,29.2,19.7,10.6,1.5,6.5,42.3,8.8,,0.0,0.3,0.2,.087,,-5.2,5.6,0.4,0.1
56,Joel Bolomboy\bolomjo01,PF,24,MIL,6,38,12.1,.521,.167,1.000,18.6,12.6,15.6,0.0,2.7,0.0,18.8,12.9,,0.0,0.0,0.1,.084,,-2.7,-5.0,-7.7,-0.1
57,Devin Booker\bookede01,SG,21,PHO,25,851,19.5,.573,.345,.294,1.7,12.4,7.0,21.1,1.3,0.7,13.0,29.9,,1.5,0.2,1.7,.096,,3.5,-2.7,0.9,0.6
58,Trevor Booker\booketr01,PF,30,TOT,22,472,18.0,.565,.079,.305,11.3,20.7,16.0,15.8,1.1,1.3,14.5,20.8,,0.7,0.4,1.2,.120,,0.0,0.8,0.8,0.3
58,Trevor Booker\booketr01,PF,30,BRK,18,395,15.5,.536,.087,.287,10.0,21.5,15.7,15.9,1.0,1.0,15.1,21.1,,0.3,0.3,0.7,.081,,-1.2,0.6,-0.6,0.1
58,Trevor Booker\booketr01,PF,30,PHI,4,77,30.7,.722,.037,.407,18.4,16.0,17.2,15.4,1.9,3.2,11.2,19.5,,0.4,0.1,0.5,.318,,6.3,1.4,7.7,0.2
59,Avery Bradley\bradlav01,SG,27,DET,28,877,12.0,.526,.332,.184,2.0,6.9,4.3,10.2,2.0,0.5,13.8,24.2,,-0.1,0.8,0.7,.036,,-1.5,-1.0,-2.5,-0.1
60,Tony Bradley\bradlto01,C,20,UTA,7,21,2.2,.202,.111,.222,16.2,27.9,21.9,6.5,0.0,0.0,0.0,21.3,,-0.1,0.0,-0.1,-0.128,,-10.4,-3.4,-13.8,-0.1
61,Corey Brewer\breweco01,SF,31,LAL,27,306,8.0,.501,.279,.295,1.7,9.3,5.5,8.3,3.2,1.0,16.9,11.3,,-0.1,0.4,0.4,.056,,-3.9,1.7,-2.2,0.0
62,Malcolm Brogdon\brogdma01,PG,25,MIL,26,785,13.7,.548,.339,.138,1.2,9.8,5.5,18.3,1.5,0.5,10.7,19.7,,0.8,0.3,1.2,.072,,0.4,-2.9,-2.5,-0.1
63,Aaron Brooks\brookaa01,PG,33,MIN,12,56,19.5,.649,.478,.087,4.1,10.4,7.2,23.3,0.9,0.0,11.2,21.2,,0.2,0.0,0.2,.173,,4.8,-4.3,0.5,0.0
64,Dillon Brooks\brookdi01,SF,22,MEM,29,807,7.8,.542,.342,.193,2.6,11.4,7.0,7.1,1.6,1.3,16.5,14.0,,-0.1,0.6,0.5,.031,,-2.6,0.4,-2.2,0.0
65,Bobby Brown\brownbo02,PG,33,HOU,18,107,4.9,.419,.704,.037,0.0,7.3,3.7,14.0,1.4,0.0,12.7,25.5,,-0.3,0.1,-0.2,-0.074,,-5.0,-4.3,-9.3,-0.2
66,Jaylen Brown\brownja02,SF,21,BOS,29,909,14.2,.563,.378,.309,3.8,16.3,10.2,6.3,1.9,0.9,11.7,21.1,,0.6,1.5,2.1,.109,,-0.6,0.5,-0.1,0.4
67,Lorenzo Brown\brownlo01,PG,27,TOR,8,55,5.5,.222,.444,.000,0.0,16.4,8.4,11.0,3.6,0.0,0.0,7.2,,-0.1,0.1,0.0,.031,,-4.3,3.1,-1.2,0.0
68,Sterling Brown\brownst02,SG,22,MIL,6,35,11.2,.462,.385,.000,6.7,13.7,10.2,8.5,2.9,2.5,7.1,18.4,,0.0,0.0,0.0,.049,,-2.0,-1.1,-3.1,0.0
69,Nicolas Brussino\brussni01,SF,24,ATL,4,10,-4.7,.000,1.000,.000,0.0,34.8,17.2,0.0,0.0,0.0,0.0,8.9,,0.0,0.0,0.0,-0.190,,-13.6,-5.4,-19.0,0.0
70,Reggie Bullock\bullore01,SF,26,DET,15,253,10.0,.508,.519,.130,2.1,5.1,3.5,6.6,3.0,1.0,5.0,10.4,,0.2,0.3,0.5,.090,,-1.1,1.5,0.3,0.1
71,Alec Burks\burksal01,SG,26,UTA,28,559,16.6,.562,.332,.280,1.6,18.0,9.7,10.2,2.2,1.1,10.3,23.5,,0.6,0.8,1.4,.122,,-0.6,-0.1,-0.7,0.2
72,Jimmy Butler\butleji01,SG,28,MIN,27,1008,20.7,.563,.215,.344,3.9,13.6,8.7,20.4,2.4,0.8,9.5,23.0,,2.6,0.7,3.3,.158,,3.4,-0.2,3.3,1.3
73,Bruno Caboclo\cabocbr01,SF,22,TOR,2,7,-0.1,.000,1.000,.000,0.0,16.1,8.2,16.6,7.0,0.0,0.0,12.6,,0.0,0.0,0.0,-0.117,,-6.4,4.5,-1.9,0.0
74,Jose Calderon\caldejo01,PG,36,CLE,20,335,10.7,.677,.617,.133,1.4,7.2,4.4,15.2,1.9,0.0,20.1,10.6,,0.5,0.2,0.7,.096,,0.6,-1.8,-1.2,0.1
75,Kentavious Caldwell-Pope\caldwke01,SG,24,LAL,24,829,12.8,.537,.510,.226,2.7,12.4,7.5,9.5,2.4,0.7,11.2,17.9,,0.5,1.0,1.5,.087,,0.0,0.6,0.6,0.5
76,Isaiah Canaan\canaais01,SG,26,HOU,1,4,-7.2,.000,.000,.000,0.0,27.8,14.1,0.0,0.0,0.0,0.0,10.8,,0.0,0.0,0.0,-0.218,,-16.7,-3.8,-20.4,0.0
77,Clint Capela\capelca01,C,23,HOU,27,679,26.8,.683,.004,.361,14.4,34.8,24.7,7.7,1.4,6.1,13.7,20.0,,2.4,1.5,3.9,.274,,1.1,3.5,4.6,1.1
78,DeMarre Carroll\carrode01,SF,31,BRK,25,740,14.3,.546,.489,.363,5.6,19.2,12.3,8.9,1.5,1.1,11.1,19.4,,0.8,0.7,1.5,.095,,0.2,0.2,0.4,0.4
79,Vince Carter\cartevi01,SF,41,SAC,18,238,6.7,.414,.557,.115,1.4,11.1,6.1,8.4,1.9,3.2,8.6,13.3,,-0.2,0.1,-0.1,-0.011,,-3.9,0.3,-3.7,-0.1
80,Michael Carter-Williams\cartemi01,PG,26,CHO,17,287,8.7,.416,.195,.494,4.8,13.9,9.3,20.3,2.5,1.2,19.7,17.6,,-0.3,0.4,0.1,.013,,-4.1,2.0,-2.1,0.0
81,Alex Caruso\carusal01,PG,23,LAL,2,19,4.8,.500,.000,.000,0.0,11.1,5.5,26.7,0.0,0.0,50.0,8.8,,0.0,0.0,0.0,-0.027,,-8.1,-2.7,-10.8,0.0
82,Omri Casspi\casspom01,SF,29,GSW,25,383,17.1,.668,.146,.369,3.9,25.4,15.7,9.4,0.9,2.9,11.1,15.3,,0.9,0.6,1.5,.186,,0.0,0.6,0.7,0.3
83,Willie Cauley-Stein\caulewi01,C,24,SAC,25,614,16.7,.522,.028,.306,7.6,19.9,13.5,14.4,1.5,3.9,12.8,20.6,,0.5,0.5,1.0,.076,,-1.7,1.5,-0.2,0.3
84,Tyler Cavanaugh\cavanty01,PF,23,ATL,19,262,16.6,.644,.587,.173,9.1,17.7,13.3,12.2,0.9,0.7,9.0,15.0,,0.8,0.1,0.9,.157,,3.0,-1.7,1.3,0.2
85,Mario Chalmers\chalmma01,PG,31,MEM,28,652,10.1,.472,.410,.305,0.7,13.7,7.2,23.1,2.9,0.6,17.5,19.6,,-0.5,0.7,0.3,.021,,-2.7,0.3,-2.4,-0.1
86,Tyson Chandler\chandty01,C,35,PHO,21,548,15.6,.668,.000,.490,11.7,27.5,19.5,5.4,0.8,2.1,17.1,10.7,,1.1,0.4,1.5,.132,,-0.3,0.5,0.2,0.3
87,Wilson Chandler\chandwi01,SF,30,DEN,25,749,10.6,.526,.401,.232,5.1,12.3,8.7,10.8,0.8,0.9,13.6,15.2,,0.7,0.3,0.9,.060,,-0.5,-1.2,-1.6,0.1
88,Marquese Chriss\chrisma01,PF,20,PHO,30,604,10.8,.500,.391,.284,4.6,19.8,12.1,8.2,1.3,4.0,13.2,15.1,,0.1,0.5,0.6,.046,,-2.3,1.1,-1.2,0.1
89,Ian Clark\clarkia01,SG,26,NOP,24,361,6.9,.472,.522,.115,0.6,9.3,5.1,11.9,1.2,0.5,11.9,16.3,,-0.2,0.1,-0.1,-0.009,,-3.2,-2.4,-5.6,-0.3
90,Jordan Clarkson\clarkjo01,SG,25,LAL,27,611,18.8,.563,.300,.208,4.0,9.7,6.8,22.7,1.3,0.0,12.3,27.7,,0.9,0.5,1.4,.113,,2.1,-2.5,-0.4,0.2
91,Gian Clavell\clavegi01,SG,24,DAL,7,64,7.7,.530,.833,.111,1.7,10.7,6.0,7.0,1.6,0.0,9.6,14.8,,0.0,0.0,0.1,.050,,-1.4,-1.4,-2.8,0.0
92,Antonius Cleveland\clevean01,SG,23,DAL,11,78,5.6,.317,.071,.286,2.7,11.7,7.0,3.6,3.9,4.7,11.3,10.3,,-0.1,0.1,0.0,.001,,-7.3,5.3,-2.0,0.0
93,John Collins\collijo01,PF,20,ATL,23,528,20.8,.623,.005,.269,14.8,20.6,17.7,7.1,1.6,4.0,13.3,20.1,,1.3,0.5,1.8,.162,,0.7,0.7,1.4,0.5
94,Zach Collins\colliza01,C,20,POR,12,122,3.3,.352,.250,.150,9.2,12.6,10.9,7.3,1.2,4.0,19.0,18.9,,-0.4,0.2,-0.2,-0.066,,-7.0,1.5,-5.5,-0.1
95,Darren Collison\collida01,PG,30,IND,28,863,17.1,.578,.338,.240,2.5,8.9,5.8,27.6,1.9,0.6,13.1,17.0,,2.1,0.6,2.7,.151,,2.4,-1.1,1.3,0.7
96,Nick Collison\collini01,PF,37,OKC,5,24,18.3,.820,.000,.500,13.4,24.6,18.8,19.1,0.0,0.0,29.1,12.4,,0.1,0.0,0.1,.214,,0.4,-0.6,-0.3,0.0
97,Mike Conley\conlemi01,PG,30,MEM,12,373,16.2,.520,.458,.393,0.0,8.6,4.3,23.3,1.7,0.7,8.4,26.7,,0.4,0.2,0.7,.086,,1.5,-3.0,-1.5,0.1
98,Pat Connaughton\connapa01,SG,25,POR,28,554,9.9,.577,.587,.112,1.6,10.7,6.2,8.6,0.4,1.0,10.2,13.2,,0.6,0.5,1.2,.100,,-0.4,-0.5,-0.9,0.2
99,Quinn Cook\cookqu01,PG,24,GSW,7,76,12.7,.660,.550,.050,1.6,8.0,5.1,20.5,0.0,0.0,12.8,13.4,,0.2,0.0,0.2,.144,,1.5,-4.4,-2.8,0.0
100,Charles Cooke\cookech01,SG,23,NOP,3,5,8.7,.250,.500,.000,0.0,0.0,0.0,30.2,9.6,0.0,0.0,34.9,,0.0,0.0,0.0,-0.199,,-6.9,-4.0,-11.0,0.0
101,Jack Cooley\cooleja01,PF,26,SAC,1,2,49.7,.532,.000,2.000,0.0,60.0,28.8,64.1,0.0,0.0,0.0,42.3,,0.0,0.0,0.0,.544,,13.2,6.1,19.3,0.0
102,Matt Costello\costema01,C,24,SAS,1,11,16.5,1.000,.000,.000,0.0,50.9,25.4,0.0,0.0,15.5,0.0,4.1,,0.0,0.0,0.1,.245,,-7.1,4.4,-2.7,0.0
103,DeMarcus Cousins\couside01,C,27,NOP,30,1064,23.2,.580,.339,.417,6.9,30.8,19.3,23.7,2.0,3.5,18.8,34.2,,1.1,1.5,2.6,.118,,1.7,2.7,4.4,1.7
104,Robert Covington\covinro01,PF,27,PHI,26,852,14.9,.589,.661,.150,3.3,16.8,10.3,8.6,2.5,2.1,12.6,18.8,,0.9,1.2,2.1,.120,,1.6,1.2,2.8,1.0
105,Allen Crabbe\crabbal01,SG,25,BRK,24,670,11.1,.539,.648,.178,1.7,13.2,7.4,7.9,1.1,0.7,9.2,18.4,,0.4,0.4,0.8,.057,,-0.1,-1.1,-1.2,0.1
106,Torrey Craig\craigto01,SF,27,DEN,2,25,8.5,.381,.714,.286,0.0,22.8,11.2,10.7,2.0,6.9,11.3,15.3,,0.0,0.0,0.0,.009,,-5.0,2.6,-2.5,0.0
107,Jamal Crawford\crawfja01,SG,37,MIN,29,512,13.5,.522,.436,.211,1.3,5.9,3.6,18.3,1.5,0.3,11.7,24.2,,0.4,0.1,0.5,.051,,0.3,-4.3,-4.0,-0.3
108,Jordan Crawford\crawfjo02,SG,29,NOP,2,37,16.2,.643,.357,.000,6.3,2.9,4.5,36.1,0.0,2.2,22.2,21.2,,0.1,0.0,0.1,.125,,1.4,-5.1,-3.6,0.0
109,Jae Crowder\crowdja01,SF,27,CLE,29,748,9.3,.531,.540,.268,3.5,9.5,6.6,5.7,1.3,0.6,10.5,15.9,,0.4,0.3,0.7,.047,,-0.8,-1.9,-2.6,-0.1
110,Dante Cunningham\cunnida01,SF,30,NOP,29,672,9.2,.527,.527,.178,5.0,14.6,10.0,3.7,1.1,1.1,4.8,10.7,,0.6,0.3,0.9,.064,,-1.1,-0.7,-1.8,0.0
111,Stephen Curry\curryst01,PG,29,GSW,23,750,27.7,.643,.537,.367,2.5,13.8,8.7,30.5,2.5,0.4,12.4,31.3,,3.4,1.0,4.4,.280,,8.8,-1.2,7.6,1.8
112,Troy Daniels\danietr01,SG,26,PHO,30,499,11.6,.632,.793,.063,0.6,6.9,3.7,4.5,0.7,0.2,8.7,16.4,,0.8,-0.1,0.8,.074,,2.1,-4.2,-2.0,0.0
113,Anthony Davis\davisan02,PF,24,NOP,25,883,28.0,.642,.106,.473,7.8,25.3,16.9,12.1,1.5,4.7,10.2,27.0,,3.3,1.1,4.4,.237,,3.0,1.6,4.6,1.5
114,Deyonta Davis\davisde01,C,21,MEM,16,190,16.8,.608,.000,.234,9.3,23.8,16.5,7.2,1.4,5.4,10.4,14.1,,0.4,0.3,0.6,.158,,-1.9,2.5,0.6,0.1
115,Ed Davis\davised01,PF,28,POR,28,482,14.7,.546,.000,.426,15.6,27.7,21.8,2.8,1.4,3.2,18.4,13.4,,0.5,0.9,1.4,.142,,-2.9,1.7,-1.2,0.1
116,Dewayne Dedmon\dedmode01,C,28,ATL,20,487,18.2,.661,.190,.209,9.1,27.6,18.2,9.4,0.8,3.2,17.3,18.4,,0.9,0.4,1.3,.130,,0.0,0.5,0.5,0.3
117,Sam Dekker\dekkesa01,SF,23,LAC,23,281,8.4,.437,.424,.172,4.6,15.7,10.0,4.9,1.6,1.8,10.1,18.4,,-0.3,0.2,0.0,-0.008,,-4.2,-1.5,-5.7,-0.3
118,Malcolm Delaney\delanma01,PG,28,ATL,21,381,8.1,.485,.406,.313,1.5,9.7,5.6,15.3,1.8,0.5,17.4,15.4,,-0.1,0.1,0.0,-0.002,,-3.4,-1.4,-4.8,-0.3
119,Matthew Dellavedova\dellama01,PG,27,MIL,13,260,7.8,.501,.439,.167,3.2,9.7,6.4,22.0,0.6,0.0,22.9,16.2,,0.0,0.0,0.0,-0.002,,-2.6,-3.8,-6.4,-0.3
120,Luol Deng\denglu01,SF,32,LAL,1,13,5.6,.500,.000,.000,0.0,0.0,0.0,10.1,3.6,0.0,33.3,9.6,,0.0,0.0,0.0,-0.011,,-7.2,-1.3,-8.5,0.0
121,DeMar DeRozan\derozde01,SG,28,TOR,27,927,23.1,.574,.142,.450,2.7,12.4,7.7,23.8,1.8,0.4,10.5,29.9,,2.8,1.0,3.8,.195,,3.0,-0.4,2.7,1.1
122,Cheick Diallo\diallch01,PF,21,NOP,15,109,9.3,.563,.000,.188,8.5,24.7,16.9,3.9,0.0,0.8,16.8,16.7,,0.0,0.1,0.1,.034,,-5.2,-3.0,-8.2,-0.2
123,Gorgui Dieng\dienggo01,C,28,MIN,26,459,15.9,.563,.173,.308,10.0,21.9,15.9,10.9,2.3,1.0,15.2,17.1,,0.7,0.4,1.1,.117,,0.4,0.4,0.8,0.3
124,Spencer Dinwiddie\dinwisp01,PG,24,BRK,27,720,17.7,.528,.519,.275,2.6,10.8,6.7,38.3,1.3,1.2,10.6,20.9,,1.7,0.5,2.2,.145,,3.4,-1.4,2.0,0.7
125,Tyler Dorsey\dorsety01,SG,21,ATL,10,63,7.1,.506,.700,.200,1.8,12.9,7.3,6.9,0.8,1.4,18.7,18.8,,-0.1,0.0,-0.1,-0.050,,-4.3,-3.0,-7.3,-0.1
126,Damyean Dotson\dotsoda01,SG,23,NYK,17,159,9.6,.528,.435,.065,2.2,14.7,8.6,6.3,0.6,0.6,6.0,13.8,,0.1,0.1,0.2,.070,,-1.4,-1.6,-3.0,0.0
127,Goran Dragic\dragigo01,PG,31,MIA,28,880,16.5,.545,.299,.273,2.5,12.3,7.4,24.6,1.4,0.4,13.4,25.8,,1.0,0.7,1.7,.094,,0.8,-1.0,-0.1,0.4
128,Andre Drummond\drumman01,C,24,DET,29,959,22.7,.565,.007,.515,16.4,35.8,25.7,18.2,2.3,3.3,19.8,20.5,,1.8,2.0,3.8,.189,,0.8,5.7,6.5,2.1
129,Jared Dudley\dudleja01,PF,32,PHO,12,183,12.8,.609,.649,.297,2.8,15.2,8.9,19.4,1.8,0.8,14.3,11.1,,0.4,0.1,0.5,.119,,1.1,-0.7,0.4,0.1
130,Kris Dunn\dunnkr01,PG,23,CHI,24,676,14.4,.482,.182,.149,2.6,16.0,9.0,31.9,3.5,0.9,17.9,25.6,,-0.7,0.9,0.3,.018,,-1.6,1.8,0.2,0.4
131,Kevin Durant\duranke01,SF,29,GSW,24,827,25.1,.633,.326,.256,2.1,19.0,11.4,24.5,1.0,4.9,14.8,30.6,,2.2,1.2,3.5,.201,,3.9,1.2,5.1,1.5
132,Henry Ellenson\ellenhe01,PF,21,DET,11,94,11.8,.506,.435,.022,2.3,28.5,14.9,10.6,1.6,0.0,14.7,25.4,,-0.1,0.1,0.0,.016,,-4.0,-1.3,-5.3,-0.1
133,Wayne Ellington\ellinwa01,SG,30,MIA,28,585,15.8,.649,.892,.093,1.4,9.7,5.6,7.1,1.6,0.3,5.2,16.6,,1.4,0.5,1.8,.150,,4.0,-1.8,2.2,0.6
134,Joel Embiid\embiijo01,C,23,PHI,23,723,24.1,.582,.156,.490,8.2,28.3,18.5,20.0,1.0,5.1,16.2,32.9,,1.3,1.2,2.5,.165,,1.0,2.5,3.6,1.0
135,James Ennis\ennisja01,SF,27,MEM,27,669,11.6,.622,.406,.308,5.6,11.4,8.5,6.8,1.4,0.7,13.2,12.1,,1.0,0.4,1.4,.102,,0.0,-0.1,-0.1,0.3
136,Tyler Ennis\ennisty01,PG,23,LAL,12,66,9.3,.421,.227,.182,1.6,12.8,7.2,19.0,2.8,1.2,14.4,17.5,,-0.1,0.1,0.0,.023,,-5.1,0.4,-4.7,0.0
137,Jawun Evans\evansja01,PG,21,LAC,20,298,8.6,.440,.231,.260,0.7,11.7,6.1,16.7,2.7,0.9,13.4,19.6,,-0.3,0.3,0.0,.000,,-4.2,-0.6,-4.8,-0.2
138,Tyreke Evans\evansty01,SG,28,MEM,28,835,21.5,.580,.334,.234,3.4,16.0,9.6,26.3,1.6,1.3,11.1,27.6,,1.8,0.8,2.5,.145,,4.1,-0.5,3.6,1.2
139,Kenneth Faried\farieke01,PF,28,DEN,25,399,18.8,.589,.008,.372,15.4,21.5,18.4,6.4,1.0,2.6,12.4,17.3,,1.0,0.3,1.3,.157,,0.1,-0.8,-0.7,0.1
140,Derrick Favors\favorde01,PF,26,UTA,29,792,18.6,.591,.072,.285,9.4,18.3,13.8,9.7,1.3,3.1,12.2,19.2,,1.6,1.1,2.7,.163,,0.3,2.0,2.2,0.8
141,Kay Felder\feldeka01,PG,22,CHI,14,134,4.0,.386,.273,.182,0.8,10.8,5.6,23.9,1.1,0.7,17.4,28.4,,-0.5,0.1,-0.4,-0.161,,-7.9,-2.9,-10.8,-0.3
142,Cristiano Felicio\feliccr01,C,25,CHI,21,310,10.6,.628,.000,.379,7.9,13.3,10.5,6.4,0.6,1.1,18.1,11.8,,0.4,0.2,0.5,.083,,-2.8,-0.1,-2.9,-0.1
143,Raymond Felton\feltora01,PG,33,OKC,28,470,13.6,.495,.339,.089,1.6,10.3,5.7,24.5,1.9,0.6,9.7,19.1,,0.5,0.6,1.1,.108,,-1.1,-1.5,-2.6,-0.1
144,Terrance Ferguson\fergute01,SG,19,OKC,18,128,3.5,.448,.519,.074,2.5,3.7,3.1,1.1,1.6,0.7,9.7,10.4,,-0.1,0.1,0.1,.022,,-4.7,-1.2,-5.9,-0.1
145,Yogi Ferrell\ferreyo01,SG,24,DAL,29,817,10.2,.551,.470,.222,1.0,10.6,5.7,11.7,1.4,0.3,12.8,16.1,,0.4,0.6,1.0,.056,,-1.2,0.0,-1.2,0.2
146,Dorian Finney-Smith\finnedo01,PF,24,DAL,8,94,5.5,.568,.636,.091,5.6,6.1,5.8,8.1,0.0,1.0,23.4,14.4,,0.0,0.0,0.0,.001,,-2.9,-1.6,-4.4,-0.1
147,Bryn Forbes\forbebr01,SG,24,SAS,29,537,9.8,.539,.503,.114,1.5,6.9,4.2,8.0,0.9,0.3,7.1,16.5,,0.4,0.4,0.8,.075,,-0.4,-2.2,-2.6,-0.1
148,Evan Fournier\fournev01,SF,25,ORL,26,845,17.0,.597,.390,.223,1.8,9.0,5.4,15.1,1.6,0.6,11.1,23.2,,1.5,0.4,1.9,.105,,2.3,-1.8,0.5,0.5
149,De'Aaron Fox\foxde01,PG,20,SAC,28,718,9.7,.455,.140,.213,2.0,11.2,6.4,23.8,1.8,0.9,17.7,22.7,,-1.0,0.3,-0.7,-0.045,,-4.1,-1.3,-5.4,-0.6
150,Tim Frazier\fraziti01,PG,27,WAS,29,496,10.7,.500,.340,.160,2.0,13.0,7.5,29.0,2.5,0.5,26.2,12.9,,0.1,0.7,0.8,.075,,-2.2,0.7,-1.5,0.1
151,Channing Frye\fryech01,C,34,CLE,27,344,11.9,.591,.505,.074,2.1,18.7,10.7,7.5,1.3,1.5,9.3,14.0,,0.4,0.3,0.7,.095,,-0.8,-0.9,-1.7,0.0
152,Markelle Fultz\fultzma01,SG,19,PHI,4,76,3.8,.372,.000,.444,4.3,8.1,6.3,13.0,1.3,1.1,15.7,21.1,,-0.2,0.1,-0.1,-0.090,,-8.3,-1.5,-9.8,-0.1
153,Danilo Gallinari\gallida01,SF,29,LAC,11,349,10.7,.475,.446,.259,0.6,14.9,7.6,12.8,1.1,0.5,9.4,21.4,,0.0,0.2,0.2,.025,,-1.9,-2.0,-4.0,-0.2
154,Langston Galloway\gallola01,SG,26,DET,27,382,15.7,.584,.707,.100,1.4,13.1,7.0,8.2,1.6,0.7,4.9,18.9,,0.8,0.4,1.1,.144,,2.1,-1.5,0.6,0.2
155,Marc Gasol\gasolma01,C,33,MEM,29,1015,17.2,.526,.273,.349,4.3,24.6,14.4,21.1,0.9,3.8,15.1,27.8,,0.2,1.2,1.4,.068,,-0.8,1.7,0.9,0.7
156,Pau Gasol\gasolpa01,C,37,SAS,28,698,19.5,.572,.241,.280,6.2,28.4,17.3,18.4,0.7,4.2,13.0,19.2,,1.4,1.2,2.6,.177,,0.6,3.0,3.6,1.0
157,Rudy Gay\gayru01,SF,31,SAS,27,631,19.7,.571,.218,.310,7.1,20.1,13.5,12.5,2.0,2.4,13.4,24.3,,0.9,1.1,2.0,.153,,0.7,1.1,1.8,0.6
158,Paul George\georgpa01,SF,27,OKC,26,966,16.8,.538,.433,.232,2.3,15.1,8.4,14.6,3.3,1.4,13.0,25.5,,0.7,1.8,2.5,.124,,0.9,1.1,2.0,1.0
159,Marcus Georges-Hunt\georgma01,SG,23,MIN,10,32,8.4,.643,.429,.000,3.6,3.7,3.6,8.9,1.6,0.0,22.2,12.4,,0.0,0.0,0.0,.038,,-0.8,-2.8,-3.6,0.0
160,Taj Gibson\gibsota01,PF,32,MIN,29,961,15.2,.591,.084,.310,9.7,19.6,14.6,6.6,1.4,1.7,12.6,14.3,,1.8,0.7,2.5,.123,,0.9,0.6,1.5,0.8
161,Manu Ginobili\ginobma01,SG,40,SAS,24,496,9.7,.518,.442,.291,1.6,9.9,5.7,17.3,1.4,0.9,19.1,20.8,,-0.2,0.6,0.4,.037,,-2.0,-1.2,-3.2,-0.2
162,Rudy Gobert\goberru01,C,25,UTA,18,539,19.1,.638,.000,.646,9.9,27.2,18.4,6.1,0.9,6.7,17.7,16.6,,1.0,1.0,2.0,.178,,-1.6,4.1,2.5,0.6
163,Aaron Gordon\gordoaa01,PF,22,ORL,26,866,19.9,.608,.416,.331,4.8,21.3,13.1,10.4,1.4,1.9,9.5,21.7,,1.9,0.8,2.7,.151,,2.5,0.0,2.6,1.0
164,Eric Gordon\gordoer01,SG,29,HOU,25,783,14.6,.570,.654,.327,0.7,6.4,3.6,11.2,1.0,1.0,11.8,25.7,,1.0,0.6,1.6,.100,,0.8,-3.0,-2.2,0.0
165,Marcin Gortat\gortama01,C,33,WAS,29,825,15.2,.560,.000,.322,8.3,24.8,16.5,11.2,1.2,2.1,14.4,14.8,,1.1,1.2,2.3,.132,,-1.2,2.7,1.5,0.7
166,Treveon Graham\grahatr01,SG,24,CHO,18,309,10.7,.567,.423,.211,4.8,8.7,6.7,11.5,1.6,0.3,11.4,12.3,,0.4,0.3,0.7,.105,,-0.1,0.3,0.2,0.2
167,Jerami Grant\grantje01,PF,23,OKC,27,575,14.7,.575,.268,.451,6.2,14.2,10.0,6.2,1.6,4.0,11.6,15.6,,0.8,0.9,1.7,.143,,-1.4,1.6,0.1,0.3
168,Jerian Grant\grantje02,PG,25,CHI,28,659,15.2,.534,.352,.373,2.3,9.7,5.8,32.8,1.9,0.3,14.8,17.7,,1.0,0.5,1.4,.105,,0.2,-1.5,-1.3,0.1
169,Danny Green\greenda02,SG,30,SAS,27,753,11.4,.511,.550,.065,2.1,13.5,7.8,10.3,2.0,3.6,14.7,16.6,,-0.2,1.2,1.0,.066,,-1.2,2.3,1.0,0.6
170,Draymond Green\greendr01,PF,27,GSW,25,805,16.6,.571,.472,.326,4.0,19.5,12.5,28.2,2.3,3.6,23.6,15.6,,1.3,1.4,2.7,.162,,1.3,3.2,4.5,1.3
171,JaMychal Green\greenja01,PF,27,MEM,17,480,11.8,.558,.295,.216,7.3,19.6,13.4,7.7,0.9,0.6,15.1,17.3,,0.3,0.4,0.6,.062,,-1.7,-0.7,-2.4,0.0
172,Jeff Green\greenje02,PF,31,CLE,29,635,16.7,.593,.227,.342,4.8,13.4,9.3,10.1,1.6,1.0,10.1,20.2,,1.3,0.4,1.7,.132,,0.4,-1.5,-1.1,0.2
173,Blake Griffin\griffbl01,PF,28,LAC,19,680,20.5,.542,.329,.388,4.0,20.7,12.2,25.0,1.3,0.8,12.1,30.2,,1.2,0.5,1.7,.122,,3.0,-0.6,2.4,0.7
174,Daniel Hamilton\hamilda02,SG,22,OKC,1,4,-10.5,.000,.000,.000,0.0,0.0,0.0,0.0,0.0,0.0,0.0,10.8,,0.0,0.0,0.0,-0.238,,-14.3,-2.9,-17.2,0.0
175,Tim Hardaway\hardati02,SG,25,NYK,21,716,15.7,.534,.479,.237,2.8,11.1,7.0,15.0,1.7,0.7,9.3,23.6,,1.0,0.6,1.6,.106,,2.6,-1.0,1.6,0.6
176,James Harden\hardeja01,SG,28,HOU,27,962,30.9,.626,.513,.441,1.8,14.4,8.2,47.0,2.5,1.1,14.7,35.9,,5.1,1.4,6.5,.324,,10.4,0.7,11.1,3.2
177,Maurice Harkless\harklma01,SF,24,POR,25,560,8.6,.486,.333,.205,3.8,11.3,7.6,4.4,1.7,3.1,13.0,11.5,,0.0,0.8,0.8,.068,,-2.9,2.7,-0.2,0.3
178,Montrezl Harrell\harremo01,C,24,LAC,21,239,25.0,.668,.000,.395,11.7,19.4,15.4,10.3,1.5,3.3,9.5,19.2,,0.9,0.2,1.2,.236,,2.6,0.3,2.9,0.3
179,Devin Harris\harride01,PG,34,DAL,23,439,14.4,.543,.395,.408,1.9,9.6,5.6,18.4,2.7,0.8,12.3,21.8,,0.4,0.5,0.9,.101,,0.0,0.0,-0.1,0.2
180,Gary Harris\harriga01,SG,23,DEN,27,916,16.7,.589,.461,.138,2.5,7.5,4.9,14.3,2.8,0.8,11.7,19.6,,1.6,0.7,2.4,.124,,2.9,-1.0,1.9,0.9
181,Joe Harris\harrijo01,SG,26,BRK,26,626,11.2,.583,.686,.130,1.8,10.4,6.1,7.8,1.1,0.7,10.3,16.3,,0.6,0.3,0.9,.072,,0.5,-1.1,-0.6,0.2
182,Tobias Harris\harrito02,PF,25,DET,29,957,17.3,.579,.421,.143,3.2,15.9,9.3,8.1,1.0,0.5,5.7,21.7,,2.1,0.9,3.0,.149,,2.2,-1.1,1.1,0.7
183,Andrew Harrison\harrian01,PG,23,MEM,23,433,12.9,.548,.390,.358,2.7,9.6,6.1,19.8,2.0,1.7,16.4,18.3,,0.3,0.4,0.7,.078,,-1.0,-0.5,-1.5,0.1
184,Josh Hart\hartjo01,SG,22,LAL,22,325,9.1,.541,.446,.246,2.6,15.6,9.1,4.5,1.9,1.2,12.2,10.5,,0.1,0.4,0.5,.078,,-3.2,0.8,-2.3,0.0
185,Udonis Haslem\hasleud01,C,37,MIA,3,10,15.0,1.000,.000,.000,0.0,11.4,5.7,29.7,0.0,0.0,0.0,4.6,,0.0,0.0,0.0,.229,,0.7,-3.9,-3.3,0.0
186,Gordon Hayward\haywago01,SF,27,BOS,1,5,7.6,.500,.500,.000,0.0,21.5,11.0,0.0,0.0,0.0,0.0,17.9,,0.0,0.0,0.0,.058,,-5.5,-6.0,-11.6,0.0
187,John Henson\hensojo01,C,27,MIL,26,610,15.6,.578,.014,.374,9.1,24.7,16.9,8.3,1.1,6.1,16.2,15.4,,0.6,0.8,1.4,.110,,-2.1,2.1,0.0,0.3
188,Juan Hernangomez\hernaju01,PF,22,DEN,15,204,9.5,.509,.686,.176,7.5,14.6,11.0,5.3,1.0,0.8,9.8,12.8,,0.2,0.1,0.3,.068,,-0.6,-2.1,-2.7,0.0
189,Willy Hernangomez\hernawi01,C,23,NYK,14,153,16.9,.555,.066,.246,14.6,23.3,19.1,14.0,1.6,3.7,21.9,24.7,,0.0,0.2,0.2,.059,,-1.3,1.9,0.6,0.1
190,Mario Hezonja\hezonma01,SF,22,ORL,23,284,8.7,.517,.468,.156,3.8,16.1,10.0,8.9,1.5,1.4,17.9,15.4,,-0.1,0.2,0.1,.018,,-3.3,-0.2,-3.4,-0.1
191,Buddy Hield\hieldbu01,SG,24,SAC,26,600,16.6,.566,.411,.091,3.1,16.0,9.3,11.7,2.4,0.6,12.5,24.5,,0.4,0.4,0.8,.065,,1.0,-1.6,-0.6,0.2
192,Nene Hilario\hilarne01,C,35,HOU,20,285,18.5,.678,.023,.535,6.4,18.4,12.5,11.1,1.9,1.8,16.5,19.4,,0.8,0.4,1.2,.201,,-0.2,1.0,0.8,0.2
193,George Hill\hillge01,PG,31,SAC,25,644,13.7,.577,.351,.239,1.9,12.1,6.8,14.9,1.8,0.9,13.7,16.8,,0.7,0.3,1.0,.074,,-0.1,-0.9,-1.0,0.2
194,Darrun Hilliard\hillida01,SG,24,SAS,4,39,-2.3,.190,.286,.286,0.0,8.6,4.3,13.3,2.6,0.0,27.6,12.5,,-0.2,0.1,-0.1,-0.127,,-9.5,0.5,-9.0,-0.1
195,Jrue Holiday\holidjr01,PG,27,NOP,30,1111,15.9,.567,.335,.163,1.8,11.2,6.7,22.7,1.7,1.0,14.6,22.1,,1.4,0.6,2.0,.085,,0.9,-0.8,0.1,0.6
196,Justin Holiday\holidju01,SG,28,CHI,27,910,11.5,.491,.548,.204,1.8,13.1,7.2,10.0,1.9,1.6,8.3,19.8,,-0.1,0.8,0.8,.040,,-0.9,0.2,-0.7,0.3
197,John Holland\hollajo02,SF,29,CLE,4,17,-1.2,.375,.500,.000,0.0,12.8,6.7,0.0,0.0,0.0,20.0,13.1,,0.0,0.0,0.0,-0.135,,-9.1,-5.1,-14.1,-0.1
198,Rondae Hollis-Jefferson\holliro01,SF,23,BRK,25,693,18.8,.583,.081,.481,5.4,16.8,11.1,10.8,1.6,2.2,10.5,21.3,,1.4,0.7,2.1,.145,,-0.2,1.0,0.8,0.5
199,Richaun Holmes\holmeri01,C,24,PHI,14,218,17.8,.601,.216,.257,9.5,22.7,16.3,8.6,1.1,2.3,7.8,17.2,,0.5,0.3,0.8,.177,,0.3,0.0,0.3,0.1
200,Rodney Hood\hoodro01,SG,25,UTA,20,565,15.5,.556,.474,.192,1.2,9.9,5.5,11.3,1.2,0.8,10.5,28.2,,0.4,0.5,0.9,.079,,0.8,-2.6,-1.8,0.0
201,Al Horford\horfoal01,C,31,BOS,28,916,20.4,.628,.332,.176,4.4,21.7,13.3,27.0,0.9,2.6,15.0,18.3,,2.4,1.6,4.0,.209,,2.9,2.9,5.8,1.8
202,Danuel House\houseda01,SG,24,PHO,2,31,-1.3,.291,.500,.333,0.0,6.9,3.4,4.1,0.0,0.0,12.7,10.6,,-0.1,0.0,-0.1,-0.119,,-7.1,-3.2,-10.4,-0.1
203,Dwight Howard\howardw01,C,32,CHO,28,843,18.3,.561,.003,.722,12.5,32.2,22.2,6.6,0.8,3.8,19.4,25.9,,0.1,1.4,1.5,.083,,-3.5,1.4,-2.0,0.0
204,Josh Huestis\huestjo01,PF,26,OKC,22,257,6.4,.499,.702,.123,3.8,12.9,8.1,3.9,1.4,3.7,17.8,12.3,,-0.1,0.4,0.2,.043,,-4.1,1.0,-3.2,-0.1
205,Vince Hunter\huntevi01,PF,23,MEM,2,5,34.7,1.000,.000,.000,23.5,23.8,23.7,0.0,0.0,0.0,33.3,27.8,,0.0,0.0,0.0,.136,,1.7,-9.6,-7.8,0.0
206,Serge Ibaka\ibakase01,PF,28,TOR,25,694,16.2,.606,.421,.139,3.4,20.6,12.2,3.7,0.6,4.2,8.7,19.6,,1.1,0.9,2.0,.140,,0.4,0.4,0.7,0.5
207,Andre Iguodala\iguodan01,SF,34,GSW,25,666,10.8,.529,.381,.302,4.5,11.6,8.4,14.7,1.2,1.8,14.9,11.0,,0.8,0.7,1.4,.104,,0.0,0.6,0.6,0.4
208,Ersan Ilyasova\ilyaser01,PF,30,ATL,18,416,15.7,.558,.455,.147,7.1,15.6,11.3,8.2,2.5,1.3,7.3,17.5,,0.6,0.3,1.0,.110,,1.2,-0.3,0.9,0.3
209,Joe Ingles\inglejo01,SF,30,UTA,29,874,13.6,.617,.692,.075,0.9,15.1,7.9,20.1,1.8,0.5,17.3,15.5,,1.2,1.1,2.2,.123,,1.8,0.7,2.5,1.0
210,Brandon Ingram\ingrabr01,SF,20,LAL,27,928,12.5,.518,.128,.392,3.3,13.9,8.6,13.6,1.2,1.7,14.2,22.1,,0.1,1.0,1.1,.055,,-2.6,0.3,-2.3,-0.1
211,Kyrie Irving\irvinky01,PG,25,BOS,29,933,25.6,.606,.331,.264,1.7,8.4,5.1,30.3,2.1,0.9,10.2,31.2,,3.2,1.3,4.5,.233,,6.7,-0.8,5.9,1.9
212,Jonathan Isaac\isaacjo01,PF,20,ORL,12,239,12.3,.543,.279,.230,5.0,19.1,12.1,5.9,1.6,4.8,15.2,14.4,,0.1,0.3,0.3,.070,,-3.2,2.2,-1.0,0.1
213,Wesley Iwundu\iwundwe01,SF,23,ORL,12,135,2.2,.331,.158,.079,2.4,11.3,6.9,8.0,0.7,0.0,9.2,14.0,,-0.3,0.0,-0.2,-0.088,,-7.3,-1.8,-9.1,-0.2
214,Jarrett Jack\jackja01,PG,34,NYK,26,676,10.7,.473,.188,.127,1.4,13.0,7.4,31.5,0.9,0.1,20.9,14.2,,0.3,0.4,0.7,.051,,-1.8,-1.0,-2.8,-0.1
215,Demetrius Jackson\jacksde01,PG,23,HOU,12,63,-0.6,.286,.429,.000,7.3,12.4,9.9,10.4,3.1,1.3,41.7,16.5,,-0.3,0.1,-0.2,-0.152,,-9.6,2.4,-7.2,-0.1
216,Josh Jackson\jacksjo02,SF,20,PHO,30,666,6.7,.436,.281,.341,4.0,12.7,8.3,7.4,2.3,0.7,16.1,22.9,,-1.4,0.4,-1.1,-0.077,,-5.0,-1.5,-6.5,-0.8
217,Justin Jackson\jacksju01,SF,22,SAC,19,356,6.5,.466,.445,.084,2.8,8.1,5.3,4.7,0.4,0.8,9.5,17.2,,-0.3,0.0,-0.3,-0.040,,-3.6,-3.4,-7.0,-0.5
218,Reggie Jackson\jacksre01,PG,27,DET,29,797,17.5,.554,.300,.247,3.0,8.5,5.6,31.0,1.3,0.3,15.3,26.0,,1.3,0.6,1.9,.116,,1.9,-1.7,0.2,0.4
219,LeBron James\jamesle01,PF,33,CLE,29,1081,31.5,.659,.260,.311,3.9,20.8,12.7,44.9,1.9,2.7,16.2,30.4,,5.2,1.2,6.4,.284,,9.2,2.1,11.2,3.6
220,Mike James\jamesmi02,PG,27,PHO,30,648,14.8,.479,.308,.278,1.9,12.2,7.0,28.1,2.0,0.8,12.6,25.0,,0.1,0.3,0.4,.032,,-0.1,-1.9,-1.9,0.0
221,Al Jefferson\jeffeal01,C,33,IND,10,139,21.8,.578,.018,.211,9.0,28.2,18.8,12.4,1.8,4.2,11.4,22.2,,0.3,0.2,0.5,.175,,-0.7,1.8,1.1,0.1
222,Richard Jefferson\jefferi01,SF,37,DEN,8,56,4.7,.362,.385,.385,0.0,6.1,3.0,16.5,0.0,0.0,0.0,11.7,,0.0,0.0,0.0,.001,,-4.2,-4.8,-9.0,-0.1
223,Jonas Jerebko\jerebjo01,PF,30,UTA,24,414,15.6,.641,.479,.126,5.7,19.8,12.6,7.2,1.3,0.8,7.4,14.8,,1.0,0.5,1.5,.176,,1.6,-0.1,1.5,0.4
224,Amir Johnson\johnsam01,C,30,PHI,26,397,13.8,.521,.143,.341,13.5,21.5,17.6,12.4,2.2,4.0,19.9,13.8,,0.3,0.7,1.0,.118,,-1.5,3.6,2.1,0.4
225,Brice Johnson\johnsbr02,PF,23,LAC,8,34,18.0,.643,.100,.200,3.2,33.2,17.8,4.8,7.3,2.5,26.9,19.1,,0.0,0.1,0.1,.120,,-4.3,4.9,0.6,0.0
226,Dakari Johnson\johnsda04,C,22,OKC,12,77,14.8,.514,.000,.571,11.2,7.7,9.5,10.0,2.0,5.0,7.1,15.9,,0.1,0.1,0.3,.162,,-1.6,1.9,0.3,0.0
227,James Johnson\johnsja01,PF,30,MIA,27,764,15.4,.575,.297,.302,3.5,17.7,10.7,24.2,1.8,2.4,20.3,19.7,,0.7,1.0,1.7,.105,,-0.3,2.1,1.8,0.7
228,Joe Johnson\johnsjo02,SF,36,UTA,8,149,7.0,.444,.347,.184,3.0,14.1,8.5,11.3,1.3,1.2,18.5,19.7,,-0.3,0.2,-0.1,-0.034,,-5.4,-0.1,-5.5,-0.1
229,Stanley Johnson\johnsst04,SF,21,DET,26,721,7.3,.458,.481,.195,1.5,13.3,7.2,7.2,2.2,0.6,10.3,13.6,,-0.2,0.8,0.6,.040,,-2.7,1.4,-1.3,0.1
230,Tyler Johnson\johnsty01,PG,25,MIA,26,712,12.7,.559,.506,.209,1.6,11.5,6.6,11.1,1.1,2.5,11.4,18.5,,0.6,0.6,1.2,.084,,-0.4,0.1,-0.3,0.3
231,Wesley Johnson\johnswe01,SF,30,LAC,27,673,9.7,.501,.477,.178,1.9,13.7,7.7,6.3,2.1,3.9,13.0,14.0,,-0.1,0.7,0.6,.042,,-2.4,1.9,-0.5,0.3
232,Nikola Jokic\jokicni01,C,22,DEN,22,640,24.8,.604,.280,.232,9.9,31.4,20.4,24.8,2.2,1.8,14.4,22.0,,2.1,0.9,2.9,.221,,4.5,2.3,6.8,1.4
233,Derrick Jones\jonesde02,SF,20,PHO,6,33,18.6,.678,.500,1.500,6.3,6.5,6.4,12.0,1.4,9.4,13.1,9.7,,0.1,0.0,0.1,.176,,0.9,3.2,4.1,0.1
234,Jalen Jones\jonesja04,SF,24,NOP,4,19,5.2,.512,.250,.500,0.0,17.0,8.8,0.0,0.0,0.0,0.0,11.2,,0.0,0.0,0.0,.042,,-6.0,-5.3,-11.2,0.0
235,Tyus Jones\jonesty01,PG,21,MIN,29,496,13.3,.567,.389,.289,1.4,11.1,6.2,20.8,3.1,0.4,15.1,10.6,,0.8,0.4,1.2,.114,,0.5,0.0,0.5,0.3
236,DeAndre Jordan\jordade01,C,29,LAC,27,883,19.4,.654,.000,.396,16.0,33.9,24.7,5.5,0.9,3.0,18.4,13.7,,2.0,1.1,3.1,.169,,0.2,1.4,1.5,0.8
237,Cory Joseph\josepco01,PG,26,IND,29,712,11.3,.518,.374,.159,1.0,10.2,5.7,15.9,2.1,0.7,12.6,14.7,,0.5,0.5,1.0,.070,,-0.9,-0.2,-1.1,0.2
238,Frank Kaminsky\kaminfr01,PF,24,CHO,25,567,12.9,.513,.365,.222,2.2,15.8,8.9,10.4,0.8,0.8,7.0,20.7,,0.4,0.5,0.9,.073,,-1.0,-0.9,-1.9,0.0
239,Enes Kanter\kanteen01,C,25,NYK,25,647,23.3,.641,.004,.223,16.2,29.0,22.7,8.8,1.2,1.4,14.1,20.6,,2.0,0.8,2.8,.211,,2.8,0.5,3.3,0.9
240,Luke Kennard\kennalu01,SG,21,DET,24,397,10.5,.516,.437,.126,1.6,10.0,5.6,11.4,1.9,0.7,13.9,18.3,,0.0,0.4,0.4,.045,,-2.2,-0.4,-2.6,-0.1
241,Michael Kidd-Gilchrist\kiddgmi01,SF,24,CHO,22,589,14.0,.545,.005,.226,4.3,14.6,9.4,5.8,1.4,2.3,6.0,16.0,,0.7,0.7,1.4,.112,,-1.8,1.5,-0.3,0.2
242,Sean Kilpatrick\kilpase01,SG,28,BRK,16,183,5.4,.419,.488,.221,0.6,19.5,10.0,12.3,0.5,0.4,14.5,25.3,,-0.5,0.1,-0.4,-0.095,,-6.5,-2.6,-9.1,-0.3
243,Maxi Kleber\klebima01,PF,26,DAL,23,415,12.6,.611,.376,.226,6.4,14.3,10.2,4.1,0.6,2.4,7.3,12.1,,0.7,0.3,1.0,.121,,-0.8,0.5,-0.3,0.2
244,Furkan Korkmaz\korkmfu01,SG,20,PHI,6,32,4.4,.349,.667,.167,6.8,12.9,9.9,8.5,1.5,0.0,7.2,18.2,,0.0,0.0,0.0,-0.026,,-4.2,-2.5,-6.7,0.0
245,Kyle Korver\korveky01,SG,36,CLE,29,652,15.4,.679,.801,.171,0.5,9.4,5.1,6.6,1.0,1.6,8.5,16.9,,1.5,0.3,1.8,.132,,3.5,-2.6,0.9,0.5
246,Kosta Koufos\koufoko01,C,28,SAC,28,512,15.3,.540,.000,.354,10.6,27.2,18.6,9.7,1.4,2.8,12.1,13.1,,0.7,0.5,1.1,.106,,-2.0,1.6,-0.4,0.2
247,Kyle Kuzma\kuzmaky01,PF,22,LAL,26,791,15.4,.579,.342,.196,5.7,17.4,11.5,7.8,0.5,0.6,11.8,21.8,,1.0,0.7,1.7,.103,,0.1,-1.7,-1.6,0.1
248,Mindaugas Kuzminskas\kuzmimi01,SF,28,NYK,1,2,-41.8,.000,.000,.000,0.0,0.0,0.0,0.0,0.0,0.0,0.0,43.7,,0.0,0.0,0.0,-1.030,,-36.5,-12.2,-48.7,0.0
249,Skal Labissiere\labissk01,PF,21,SAC,26,434,13.8,.495,.051,.243,8.9,19.1,13.8,7.3,1.3,3.5,12.9,23.3,,-0.1,0.3,0.2,.023,,-4.1,-0.7,-4.8,-0.3
250,Jeremy Lamb\lambje01,SG,25,CHO,27,730,16.6,.542,.305,.274,1.9,16.8,9.3,17.5,1.3,1.4,10.7,23.9,,0.8,0.8,1.6,.107,,0.5,0.3,0.9,0.5
251,Shane Larkin\larkish01,PG,25,BOS,22,242,11.7,.483,.405,.228,1.4,9.3,5.5,16.9,2.3,0.3,5.4,17.0,,0.2,0.4,0.6,.114,,-1.3,-0.3,-1.6,0.0
252,Joffrey Lauvergne\lauvejo01,C,26,SAS,15,168,15.4,.522,.053,.246,13.9,20.7,17.3,10.5,1.5,0.0,13.7,19.5,,0.2,0.2,0.4,.116,,-1.1,-0.5,-1.6,0.0
253,Jake Layman\laymaja01,SF,23,POR,13,83,5.8,.381,.393,.071,2.7,10.6,6.7,3.6,1.8,2.0,3.3,15.8,,-0.1,0.1,0.0,.012,,-5.0,-0.2,-5.2,-0.1
254,T.J. Leaf\leaftj01,PF,20,IND,25,242,10.7,.532,.311,.095,8.0,11.7,9.9,2.9,1.0,0.7,7.2,15.1,,0.2,0.1,0.4,.072,,-1.3,-2.6,-3.9,-0.1
255,Courtney Lee\leeco01,SG,32,NYK,28,907,15.2,.590,.338,.160,1.7,10.6,6.2,12.6,2.1,0.3,9.8,16.8,,1.7,0.8,2.4,.130,,2.2,0.1,2.3,1.0
256,Alex Len\lenal01,C,24,PHO,25,546,19.3,.599,.000,.633,14.4,28.2,21.2,6.5,0.6,4.0,14.9,16.9,,1.2,0.5,1.7,.151,,-0.5,0.4,-0.1,0.3
257,Kawhi Leonard\leonaka01,SF,26,SAS,2,33,33.5,.583,.286,.048,6.7,27.2,16.9,13.1,4.6,7.8,8.5,31.8,,0.1,0.1,0.2,.226,,3.1,4.7,7.8,0.1
258,Meyers Leonard\leoname01,PF,25,POR,11,129,20.0,.690,.289,.178,4.4,22.9,13.8,8.1,0.8,0.0,5.8,17.5,,0.5,0.2,0.6,.239,,2.4,-1.3,1.1,0.1
259,Jon Leuer\leuerjo01,PF,28,DET,8,136,8.9,.505,.083,.417,5.6,21.4,13.2,5.3,0.4,1.9,15.8,16.3,,0.0,0.1,0.1,.048,,-5.5,0.0,-5.5,-0.1
260,Caris LeVert\leverca01,SF,23,BRK,28,740,12.4,.508,.369,.284,2.2,12.1,7.1,22.1,2.4,1.1,17.3,20.9,,-0.1,0.7,0.6,.040,,-1.4,0.6,-0.7,0.2
261,DeAndre Liggins\liggide01,SG,29,MIL,24,375,5.2,.457,.534,.086,0.9,9.6,5.2,6.0,2.7,1.9,16.6,8.9,,-0.2,0.3,0.1,.010,,-3.3,0.5,-2.9,-0.1
262,Damian Lillard\lillada01,PG,27,POR,28,1039,23.8,.575,.418,.370,2.9,11.6,7.3,29.2,1.3,1.0,11.4,30.3,,3.4,1.3,4.6,.213,,6.5,-0.5,6.0,2.1
263,Jeremy Lin\linje01,PG,29,BRK,1,25,16.3,.597,.167,.583,0.0,0.0,0.0,26.6,0.0,0.0,16.6,30.3,,0.1,0.0,0.1,.100,,-2.7,-9.9,-12.6,-0.1
264,Shaun Livingston\livinsh01,PG,32,GSW,26,418,10.6,.525,.017,.172,4.7,7.8,6.4,15.4,1.1,1.5,15.0,15.3,,0.3,0.4,0.7,.080,,-2.1,-1.0,-3.2,-0.1
265,Kevon Looney\looneke01,C,21,GSW,22,214,10.9,.529,.000,.400,11.0,17.5,14.6,5.2,1.6,6.0,19.7,13.4,,0.1,0.4,0.4,.096,,-3.1,2.6,-0.5,0.1
266,Brook Lopez\lopezbr01,C,29,LAL,27,617,16.5,.533,.365,.237,6.0,14.2,10.1,12.2,0.8,5.6,12.2,25.4,,0.4,0.8,1.2,.094,,-0.7,0.8,0.1,0.3
267,Robin Lopez\lopezro01,C,29,CHI,28,851,15.3,.547,.022,.158,9.5,10.1,9.8,12.0,0.3,2.5,13.3,20.6,,0.8,0.4,1.2,.069,,-1.0,0.0,-1.0,0.2
268,Kevin Love\loveke01,C,29,CLE,28,823,24.6,.620,.390,.431,10.1,29.5,20.2,10.3,1.1,1.3,11.0,26.7,,2.9,0.9,3.8,.219,,3.3,-1.7,1.6,0.8
269,Kyle Lowry\lowryky01,PG,31,TOR,27,893,19.5,.595,.628,.265,2.5,19.1,11.1,31.0,1.5,0.3,15.6,21.2,,2.5,1.1,3.6,.191,,5.0,0.7,5.7,1.7
270,Timothe Luwawu-Cabarrot\luwawti01,SF,22,PHI,26,425,7.2,.505,.554,.236,3.1,7.8,5.5,8.5,0.9,0.2,12.3,18.4,,0.0,0.2,0.2,.026,,-2.2,-2.8,-4.9,-0.3
271,Tyler Lydon\lydonty01,PF,21,DEN,1,2,0.0,,,,0.0,0.0,0.0,0.0,0.0,0.0,,0.0,,0.0,0.0,0.0,-0.013,,-5.3,-0.8,-6.1,0.0
272,Trey Lyles\lylestr01,PF,22,DEN,24,373,19.0,.637,.417,.299,5.6,20.8,13.0,8.2,1.3,2.1,10.6,18.5,,1.0,0.3,1.3,.164,,1.6,-1.3,0.3,0.2
273,Shelvin Mack\macksh01,PG,27,ORL,23,407,11.4,.445,.303,.253,2.1,10.7,6.4,31.9,1.7,0.4,16.7,14.1,,0.2,0.2,0.4,.053,,-2.4,-1.6,-4.0,-0.2
274,Josh Magette\magetjo01,PG,28,ATL,8,64,12.6,.472,.333,.333,1.8,9.1,5.4,36.0,1.5,0.0,12.7,10.9,,0.1,0.0,0.1,.108,,-2.0,-3.9,-6.0,-0.1
275,Ian Mahinmi\mahinia01,C,31,WAS,27,408,9.9,.560,.000,.589,13.6,15.0,14.3,5.8,1.6,2.6,25.8,13.4,,0.2,0.5,0.8,.091,,-2.4,2.0,-0.3,0.2
276,Thon Maker\makerth01,C,20,MIL,27,509,8.8,.481,.361,.287,6.7,15.8,11.2,5.4,1.7,3.7,14.1,12.8,,0.0,0.5,0.5,.043,,-2.8,0.4,-2.4,-0.1
277,Boban Marjanovic\marjabo01,C,29,DET,8,62,25.7,.655,.000,.733,13.9,16.9,15.4,15.7,1.6,1.4,20.1,35.2,,0.2,0.1,0.3,.196,,1.7,-0.8,0.9,0.0
278,Lauri Markkanen\markkla01,PF,20,CHI,25,767,14.2,.524,.515,.191,3.6,25.5,14.0,6.9,0.8,1.7,9.1,22.2,,0.2,0.7,1.0,.059,,-1.4,-1.0,-2.4,-0.1
279,Jarell Martin\martija01,PF,23,MEM,27,445,6.5,.436,.278,.174,6.1,15.0,10.5,3.9,1.7,4.0,15.1,15.2,,-0.5,0.5,0.0,-0.003,,-5.5,1.3,-4.3,-0.3
280,Frank Mason\masonfr01,PG,23,SAC,21,398,12.4,.490,.224,.361,2.8,10.2,6.4,26.7,1.1,0.2,16.2,23.0,,0.0,0.1,0.1,.007,,-2.1,-3.1,-5.2,-0.3
281,Mangok Mathiang\mathima01,C,25,CHO,1,3,-9.7,.000,.000,.000,35.1,35.9,35.5,0.0,0.0,0.0,0.0,28.8,,0.0,0.0,0.0,-0.478,,-22.5,-12.0,-34.5,0.0
282,Wesley Matthews\matthwe02,SG,31,DAL,29,997,10.3,.534,.571,.124,1.0,9.1,4.9,12.9,1.5,0.4,11.5,17.1,,0.3,0.7,1.0,.048,,-0.2,-0.1,-0.4,0.4
283,Luc Mbah a Moute\mbahalu01,PF,31,HOU,24,607,9.5,.570,.511,.206,2.5,12.5,7.5,5.2,2.4,1.7,17.4,12.4,,0.1,0.9,1.0,.078,,-1.7,1.9,0.3,0.3
284,James Michael McAdoo\mcadoja01,PF,25,PHI,1,7,6.2,.512,1.000,.500,0.0,0.0,0.0,0.0,0.0,0.0,17.0,35.2,,0.0,0.0,0.0,-0.079,,-3.3,-10.3,-13.5,0.0
285,Patrick McCaw\mccawpa01,SG,22,GSW,25,351,11.0,.593,.465,.155,1.8,4.6,3.3,12.9,2.3,0.9,11.6,10.6,,0.5,0.4,0.9,.117,,0.4,-1.0,-0.6,0.1
286,C.J. McCollum\mccolcj01,SG,26,POR,27,989,16.9,.558,.320,.183,1.7,10.6,6.2,13.3,1.3,0.8,9.8,25.2,,1.5,1.1,2.6,.128,,1.6,-0.8,0.8,0.7
287,T.J. McConnell\mccontj01,PG,25,PHI,23,547,13.0,.572,.129,.113,3.2,12.2,7.8,29.7,2.4,0.6,26.1,13.5,,0.5,0.6,1.1,.097,,-1.5,0.4,-1.1,0.1
288,Chris McCullough\mcculch01,PF,22,WAS,7,47,13.4,.449,.238,.381,9.4,21.3,15.3,3.3,0.0,3.7,0.0,23.0,,0.0,0.1,0.1,.091,,-3.8,-3.0,-6.8,-0.1
289,Doug McDermott\mcderdo01,SF,26,NYK,28,676,11.4,.585,.395,.108,3.6,10.2,7.0,6.6,0.4,1.2,8.5,14.4,,1.0,0.3,1.3,.092,,0.8,-1.0,-0.3,0.3
290,JaVale McGee\mcgeeja01,C,30,GSW,25,197,19.1,.582,.045,.273,10.7,16.5,13.9,9.0,1.9,7.3,10.9,18.3,,0.4,0.4,0.8,.190,,-0.5,2.8,2.3,0.2
291,Alfonzo McKinnie\mckinal01,SF,25,TOR,9,33,11.2,.661,.571,.429,0.0,17.0,8.7,4.1,1.5,2.5,10.7,12.4,,0.0,0.0,0.1,.136,,-0.7,0.5,-0.3,0.0
292,Ben McLemore\mclembe01,SG,24,MEM,18,340,8.6,.510,.405,.129,2.1,12.6,7.3,8.5,1.5,1.4,13.4,19.3,,-0.2,0.3,0.1,.008,,-3.2,-1.1,-4.3,-0.2
293,Jodie Meeks\meeksjo01,SG,30,WAS,29,488,10.5,.510,.512,.335,1.6,8.2,4.9,5.4,1.7,0.2,7.6,19.0,,0.2,0.4,0.7,.066,,-1.3,-1.9,-3.2,-0.1
294,Salah Mejri\mejrisa01,C,31,DAL,24,267,18.6,.678,.050,.575,11.5,27.8,19.3,6.2,1.3,10.3,18.0,10.4,,0.6,0.6,1.1,.201,,-2.2,6.9,4.7,0.5
295,Jordan Mickey\mickejo01,PF,23,MIA,7,61,16.6,.594,.167,.278,7.6,42.8,25.4,2.7,0.8,4.1,16.5,18.1,,0.0,0.1,0.2,.123,,-6.1,-0.4,-6.4,-0.1
296,Khris Middleton\middlkh01,SF,26,MIL,27,1001,18.0,.577,.340,.251,1.9,15.3,8.6,20.2,1.7,0.2,11.4,24.5,,1.9,0.6,2.5,.120,,2.5,-2.2,0.4,0.6
297,C.J. Miles\milescj01,SF,30,TOR,23,425,15.1,.566,.742,.137,1.4,9.8,5.7,5.5,2.1,1.8,6.1,22.2,,0.6,0.5,1.1,.127,,2.5,-1.4,1.1,0.3
298,Darius Miller\milleda01,SF,27,NOP,30,614,11.9,.664,.765,.120,0.9,7.6,4.4,8.0,0.8,0.7,8.4,13.6,,1.1,0.1,1.2,.096,,2.0,-2.5,-0.6,0.2
299,Patty Mills\millspa02,PG,29,SAS,29,733,13.1,.547,.589,.149,1.5,8.6,5.0,20.4,1.5,0.7,13.8,18.2,,0.8,0.8,1.6,.102,,1.1,-1.3,-0.2,0.3
300,Paul Millsap\millspa01,PF,32,DEN,16,475,17.7,.531,.287,.322,5.5,18.0,11.7,15.8,1.8,3.6,12.5,23.9,,0.5,0.5,1.0,.106,,0.2,0.7,0.9,0.3
301,Nikola Mirotic\mirotni01,PF,26,CHI,5,131,26.6,.670,.462,.338,4.7,21.3,12.6,3.0,1.1,1.3,5.1,26.5,,0.5,0.1,0.6,.212,,4.2,-4.2,0.0,0.1
302,Donovan Mitchell\mitchdo01,SG,21,UTA,29,875,15.9,.525,.408,.175,2.1,9.8,5.9,20.6,2.4,1.3,12.8,29.1,,0.2,1.1,1.3,.074,,0.8,-0.4,0.3,0.5
303,Malik Monk\monkma01,SG,19,CHO,25,392,7.6,.445,.559,.100,0.5,8.2,4.3,15.7,0.9,0.7,9.7,21.7,,-0.4,0.3,-0.1,-0.014,,-2.4,-2.4,-4.8,-0.3
304,Greg Monroe\monrogr01,C,27,TOT,17,354,19.8,.600,.000,.258,10.2,27.0,18.4,14.9,1.3,1.1,15.9,20.5,,0.6,0.3,0.9,.124,,0.1,-0.2,-0.2,0.1
304,Greg Monroe\monrogr01,C,27,MIL,5,79,11.6,.489,.000,.121,9.0,28.8,18.8,10.4,0.0,0.0,14.7,23.7,,-0.1,0.0,0.0,-0.011,,-5.7,-4.0,-9.7,-0.2
304,Greg Monroe\monrogr01,C,27,PHO,12,275,22.1,.636,.000,.305,10.5,26.4,18.3,16.2,1.7,1.4,16.3,19.5,,0.7,0.2,0.9,.163,,1.7,0.8,2.5,0.3
305,E'Twaun Moore\mooreet01,SG,28,NOP,30,978,13.1,.631,.392,.065,3.1,6.2,4.7,9.1,1.4,0.3,10.3,15.6,,1.6,0.2,1.8,.089,,1.7,-1.6,0.1,0.5
306,Eric Moreland\moreler01,PF,26,DET,25,268,11.3,.478,.000,.370,13.3,23.5,18.2,9.4,1.5,6.2,29.3,7.3,,0.2,0.5,0.6,.116,,-3.3,5.9,2.7,0.3
307,Marcus Morris\morrima03,SF,28,BOS,16,387,14.9,.525,.370,.273,2.0,22.5,12.5,10.7,1.3,0.9,8.4,23.4,,0.3,0.6,0.9,.114,,-1.5,-0.1,-1.6,0.0
308,Markieff Morris\morrima02,PF,28,WAS,21,485,11.3,.527,.314,.119,4.6,14.4,9.5,8.8,1.4,2.3,14.9,20.8,,-0.1,0.6,0.5,.050,,-2.1,0.4,-1.7,0.0
309,Monte Morris\morrimo01,PG,22,DEN,1,3,-2.5,.000,1.000,.000,0.0,0.0,0.0,40.1,0.0,0.0,0.0,14.3,,0.0,0.0,0.0,-0.195,,-9.9,-13.0,-22.9,0.0
310,Johnathan Motley\motlejo01,PF,22,DAL,1,2,96.0,.725,.000,4.000,0.0,57.1,27.5,0.0,0.0,46.0,0.0,62.7,,0.0,0.0,0.0,.887,,4.8,8.1,12.8,0.0
311,Timofey Mozgov\mozgoti01,C,31,BRK,21,285,11.0,.604,.246,.319,9.8,21.0,15.4,2.6,0.5,2.4,24.8,15.4,,0.0,0.2,0.3,.045,,-4.2,-0.6,-4.8,-0.2
312,Emmanuel Mudiay\mudiaem01,PG,21,DEN,29,611,11.7,.507,.332,.279,2.3,11.6,6.9,22.8,1.2,0.4,18.5,23.6,,0.0,0.3,0.3,.022,,-2.0,-2.7,-4.7,-0.4
313,Shabazz Muhammad\muhamsh01,SF,25,MIN,22,250,9.1,.440,.209,.198,5.5,12.2,8.8,4.1,1.0,0.7,2.9,18.0,,0.0,0.1,0.1,.020,,-3.3,-3.3,-6.6,-0.3
314,Dejounte Murray\murrade01,PG,21,SAS,29,520,12.7,.469,.058,.306,7.3,20.0,13.6,20.4,2.1,1.0,18.6,20.8,,-0.2,0.8,0.6,.058,,-3.1,1.7,-1.4,0.1
315,Jamal Murray\murraja01,PG,20,DEN,29,799,15.7,.554,.390,.222,4.5,7.9,6.2,14.0,1.6,0.9,12.9,24.1,,1.1,0.4,1.5,.091,,1.3,-2.5,-1.2,0.2
316,Mike Muscala\muscami01,C,26,ATL,9,202,10.7,.524,.373,.235,6.2,16.6,11.4,6.4,1.7,2.2,12.4,14.1,,0.1,0.1,0.2,.059,,-2.2,0.2,-2.0,0.0
317,Abdel Nader\naderab01,SF,24,BOS,14,101,4.3,.422,.500,.036,2.2,9.6,6.0,5.8,1.5,2.5,17.4,15.3,,-0.2,0.1,-0.1,-0.024,,-6.0,0.8,-5.2,-0.1
318,Larry Nance\nancela02,PF,25,LAL,16,376,18.0,.591,.019,.262,12.3,20.0,16.1,7.5,3.2,1.7,13.1,15.2,,0.7,0.7,1.4,.173,,0.0,2.6,2.6,0.4
319,Shabazz Napier\napiesh01,PG,26,POR,22,369,18.0,.607,.322,.297,1.5,10.7,6.2,13.8,3.6,0.4,11.3,17.9,,0.8,0.6,1.4,.183,,1.4,1.3,2.6,0.4
320,Jameer Nelson\nelsoja01,PG,35,NOP,26,651,9.7,.536,.529,.110,1.3,9.8,5.7,23.0,1.5,0.4,21.9,12.2,,0.4,0.3,0.7,.052,,-1.4,-1.3,-2.7,-0.1
321,Raul Neto\netora01,PG,25,UTA,17,226,13.5,.555,.314,.186,1.0,10.9,5.9,23.0,1.3,0.8,13.7,17.6,,0.3,0.2,0.5,.105,,-1.0,-1.2,-2.1,0.0
322,Joakim Noah\noahjo01,C,32,NYK,2,11,36.4,.644,.000,.667,21.3,30.4,26.0,41.7,4.5,8.5,20.5,19.4,,0.1,0.0,0.1,.368,,7.7,9.9,17.6,0.1
323,Nerlens Noel\noelne01,C,23,DAL,18,225,15.7,.587,.000,.358,12.2,23.9,17.8,4.2,2.2,4.1,19.6,15.4,,0.2,0.4,0.6,.131,,-3.5,2.8,-0.7,0.1
324,Lucas Nogueira\noguelu01,C,25,TOR,17,204,17.1,.648,.213,.191,5.2,20.4,13.0,4.1,2.6,8.2,15.0,12.9,,0.3,0.5,0.7,.174,,-1.1,5.6,4.5,0.3
325,Dirk Nowitzki\nowitdi01,C,39,DAL,29,728,15.2,.555,.375,.152,1.7,24.0,12.5,11.3,1.1,1.0,7.5,19.9,,0.8,0.8,1.6,.104,,-0.7,0.4,-0.3,0.3
326,Frank Ntilikina\ntilila01,PG,19,NYK,25,509,8.5,.438,.323,.187,2.8,9.2,6.1,23.2,3.4,0.6,22.6,18.6,,-0.6,0.6,0.0,.000,,-2.7,0.9,-1.9,0.0
327,Jusuf Nurkic\nurkiju01,C,23,POR,25,697,15.0,.487,.015,.313,7.4,23.7,15.7,13.2,1.3,3.7,16.6,28.8,,-0.8,1.3,0.5,.032,,-4.8,2.3,-2.6,-0.1
328,David Nwaba\nwabada01,SG,25,CHI,16,383,15.9,.610,.092,.552,3.2,22.7,12.5,9.7,1.7,2.7,9.2,13.7,,0.7,0.5,1.1,.144,,-1.8,2.3,0.5,0.2
329,Johnny O'Bryant\obryajo01,PF,24,CHO,14,121,13.4,.438,.222,.159,8.7,19.6,14.1,7.0,2.0,2.1,8.2,26.2,,-0.1,0.2,0.1,.025,,-4.2,-0.8,-5.0,-0.1
330,Royce O'Neale\onealro01,SF,24,UTA,19,199,8.9,.451,.511,.298,1.7,19.4,10.4,14.3,2.0,0.4,11.6,13.7,,0.0,0.3,0.3,.063,,-3.0,0.9,-2.1,0.0
331,Kyle O'Quinn\oquinky01,C,27,NYK,28,457,19.0,.606,.032,.352,12.3,29.8,21.3,18.3,1.3,5.9,23.4,18.0,,0.7,0.8,1.5,.159,,0.1,4.9,5.0,0.8
332,Semi Ojeleye\ojelese01,PF,23,BOS,30,436,4.9,.445,.785,.215,4.7,11.8,8.3,1.9,1.3,0.0,10.4,9.9,,-0.1,0.5,0.4,.044,,-3.2,-0.2,-3.3,-0.1
333,Jahlil Okafor\okafoja01,C,22,TOT,3,48,7.9,.460,.100,.200,11.3,17.3,14.3,3.1,1.0,3.5,18.7,23.4,,-0.1,0.1,0.0,-0.050,,-8.0,-2.1,-10.1,-0.1
333,Jahlil Okafor\okafoja01,C,22,PHI,2,25,9.0,.465,.000,.444,17.5,20.6,19.1,6.0,0.0,6.6,21.8,23.1,,0.0,0.0,0.0,-0.008,,-7.1,0.2,-6.9,0.0
333,Jahlil Okafor\okafoja01,C-F,22,BRK,1,23,6.7,.455,.182,.000,4.5,13.7,9.1,0.0,2.1,0.0,15.4,23.7,,-0.1,0.0,0.0,-0.095,,-9.0,-4.7,-13.7,-0.1
334,Victor Oladipo\oladivi01,SG,25,IND,28,959,22.7,.585,.348,.281,2.0,15.3,8.8,19.7,2.6,2.5,13.6,31.0,,1.7,1.2,2.8,.142,,3.4,0.5,3.8,1.4
335,Kelly Olynyk\olynyke01,PF,26,MIA,28,589,15.2,.633,.422,.311,5.5,23.3,14.5,14.6,1.6,1.8,22.1,20.3,,0.6,0.8,1.4,.113,,-0.2,1.4,1.2,0.5
336,Cedi Osman\osmande01,SF,22,CLE,21,143,7.4,.559,.471,.059,2.5,23.6,13.5,3.9,1.4,0.6,16.7,13.1,,0.0,0.1,0.1,.038,,-3.8,-1.6,-5.4,-0.1
337,Kelly Oubre\oubreke01,SF,22,WAS,29,801,12.6,.538,.429,.316,3.0,18.2,10.6,5.4,1.7,1.6,9.3,18.3,,0.6,1.1,1.7,.102,,-0.9,0.4,-0.6,0.3
338,Zaza Pachulia\pachuza01,C,33,GSW,25,359,15.5,.602,.000,.319,9.7,26.0,18.6,14.0,2.5,1.3,23.6,16.5,,0.4,0.7,1.1,.146,,-1.2,2.1,0.9,0.3
339,Marcus Paige\paigema01,PG,24,CHO,1,3,-19.4,.000,.000,.000,0.0,71.8,35.5,0.0,0.0,0.0,0.0,28.8,,0.0,0.0,0.0,-0.608,,-33.8,-10.4,-44.1,0.0
340,Georgios Papagiannis\papagge01,C,20,SAC,5,35,23.8,.800,.000,.000,6.3,20.6,13.2,10.4,1.4,2.7,9.1,14.1,,0.1,0.0,0.2,.217,,2.2,-0.1,2.1,0.0
341,Tony Parker\parketo01,PG,35,SAS,8,148,15.2,.498,.073,.218,1.5,14.4,7.9,35.9,1.0,0.6,15.4,21.6,,0.1,0.2,0.3,.088,,-1.6,-1.4,-3.1,0.0
342,Chandler Parsons\parsoch01,SF,29,MEM,23,485,15.9,.617,.512,.152,2.4,14.0,8.2,17.1,1.4,1.3,12.9,19.2,,0.8,0.4,1.1,.114,,1.8,-0.9,0.8,0.3
343,Patrick Patterson\pattepa01,PF,28,OKC,28,387,7.6,.522,.693,.080,1.9,13.4,7.4,5.1,2.1,1.0,12.4,9.9,,0.1,0.5,0.7,.081,,-3.0,0.6,-2.4,0.0
344,Brandon Paul\paulbr01,SG,26,SAS,29,347,10.7,.581,.493,.333,0.6,10.7,5.6,11.6,2.8,1.2,17.3,13.4,,0.2,0.5,0.7,.101,,-1.3,0.9,-0.3,0.1
345,Chris Paul\paulch01,PG,32,HOU,13,401,27.6,.623,.469,.228,2.3,16.1,9.3,48.7,3.9,1.1,13.2,22.2,,2.1,0.7,2.8,.335,,7.3,1.7,9.0,1.1
346,Adreian Payne\paynead01,PF,26,ORL,1,1,0.0,,,,0.0,0.0,0.0,0.0,0.0,0.0,,0.0,,0.0,0.0,0.0,-0.015,,-6.0,-0.1,-6.1,0.0
347,Elfrid Payton\paytoel01,PG,23,ORL,21,590,15.2,.521,.197,.207,4.1,10.1,7.1,33.1,2.4,0.9,19.4,19.8,,0.4,0.4,0.8,.068,,-0.3,-0.2,-0.6,0.2
348,Gary Payton\paytoga02,PG,25,MIL,11,100,6.5,.413,.355,.032,3.5,14.4,8.9,10.1,1.5,0.9,8.7,15.8,,-0.1,0.1,0.0,-0.017,,-4.2,-2.4,-6.6,-0.1
349,London Perrantes\perralo01,PG,23,CLE,1,3,-19.3,.000,.000,.000,0.0,0.0,0.0,0.0,0.0,0.0,0.0,14.9,,0.0,0.0,0.0,-0.379,,-16.5,-4.9,-21.4,0.0
350,Alec Peters\peteral01,PF,22,PHO,2,14,7.8,.375,1.000,.000,0.0,22.9,11.3,0.0,0.0,11.1,0.0,11.9,,0.0,0.0,0.0,.005,,-6.5,0.0,-6.4,0.0
351,Mason Plumlee\plumlma01,C,27,DEN,29,556,15.3,.547,.007,.549,8.7,22.2,15.3,13.4,1.7,4.5,19.2,16.9,,0.3,0.7,1.0,.086,,-2.1,2.5,0.4,0.3
352,Miles Plumlee\plumlmi01,C,29,ATL,10,158,8.6,.524,.000,.400,7.9,16.1,12.0,5.4,1.9,2.3,25.4,13.2,,-0.1,0.1,0.0,.000,,-5.0,0.9,-4.1,-0.1
353,Jakob Poeltl\poeltja01,C,22,TOR,27,448,19.9,.675,.016,.306,14.6,15.8,15.2,3.3,1.1,5.2,13.0,15.9,,1.3,0.7,1.9,.206,,1.6,1.6,3.2,0.6
354,Quincy Pondexter\pondequ01,SF,29,CHI,16,162,5.0,.426,.465,.395,5.0,8.3,6.6,6.2,2.1,1.1,17.9,16.8,,-0.3,0.1,-0.1,-0.037,,-5.4,-0.4,-5.9,-0.2
355,Otto Porter\porteot01,SF,24,WAS,28,882,18.7,.590,.320,.128,4.2,19.8,12.0,9.1,2.4,1.5,6.5,18.5,,1.8,1.4,3.2,.173,,2.1,1.7,3.8,1.3
356,Bobby Portis\portibo01,PF,22,CHI,19,415,21.4,.576,.301,.204,8.4,25.6,16.6,13.3,0.7,1.1,9.3,25.1,,0.8,0.4,1.2,.136,,1.7,-1.1,0.6,0.3
357,Kristaps Porzingis\porzikr01,PF,22,NYK,24,764,24.1,.571,.254,.322,4.3,19.1,11.9,7.1,0.9,6.1,9.3,33.8,,1.6,1.0,2.6,.165,,1.2,-0.5,0.8,0.5
358,Dwight Powell\poweldw01,C,26,DAL,28,502,16.4,.563,.277,.292,9.3,23.4,16.1,9.2,2.0,2.0,10.4,15.6,,0.8,0.7,1.5,.145,,-0.5,2.2,1.7,0.5
359,Norman Powell\powelno01,SG,24,TOR,23,466,11.2,.529,.443,.186,1.3,10.1,5.8,12.4,2.3,1.3,15.4,20.2,,0.0,0.6,0.6,.058,,-1.2,0.2,-1.0,0.1
360,Alex Poythress\poythal01,PF,24,IND,7,20,10.3,1.000,.667,.000,0.0,21.7,11.1,0.0,0.0,0.0,25.0,8.8,,0.0,0.0,0.0,.084,,-1.9,-5.0,-6.9,0.0
361,Jacob Pullen\pulleja01,PG,28,PHI,2,2,-20.0,.000,1.000,.000,0.0,0.0,0.0,0.0,0.0,0.0,0.0,20.9,,0.0,0.0,0.0,-0.490,,-15.5,-7.3,-22.8,0.0
362,Zhou Qi\qizh01,C,22,HOU,13,64,4.0,.347,.571,.381,3.6,17.4,10.6,2.0,1.5,7.9,14.0,19.3,,-0.2,0.1,-0.1,-0.054,,-9.2,1.7,-7.5,-0.1
363,Ivan Rabb\rabbiv01,PF,20,MEM,2,3,-2.6,.000,.000,.000,0.0,0.0,0.0,45.3,0.0,0.0,0.0,15.5,,0.0,0.0,0.0,-0.246,,-15.1,-12.2,-27.3,0.0
364,Julius Randle\randlju01,C,23,LAL,27,609,16.9,.597,.103,.462,5.7,23.1,14.4,13.4,0.9,3.0,17.8,23.4,,0.6,0.9,1.4,.113,,-1.7,1.0,-0.7,0.2
365,Zach Randolph\randoza01,PF,36,SAC,26,674,21.0,.566,.180,.152,7.6,24.4,15.6,16.2,1.8,0.6,12.1,26.6,,1.0,0.5,1.5,.106,,1.6,-0.7,0.9,0.5
366,J.J. Redick\redicjj01,SG,33,PHI,26,889,13.9,.583,.510,.216,0.6,7.5,4.2,16.0,0.9,0.2,9.3,19.7,,1.8,0.4,2.2,.119,,1.9,-2.6,-0.7,0.3
367,Willie Reed\reedwi02,C,27,LAC,22,222,20.5,.691,.016,.578,8.7,22.9,15.6,3.8,0.9,3.1,11.1,17.8,,0.7,0.2,0.9,.194,,-0.1,-1.3,-1.5,0.0
368,Josh Richardson\richajo01,SF,24,MIA,28,910,8.6,.524,.512,.132,2.3,8.6,5.5,8.9,1.8,1.8,17.3,16.5,,-0.4,0.9,0.4,.023,,-1.9,0.9,-1.0,0.2
369,Malachi Richardson\richama01,SG,22,SAC,13,146,8.5,.482,.442,.302,1.5,8.2,4.7,6.1,2.4,0.0,7.6,16.3,,0.0,0.1,0.1,.020,,-2.7,-2.3,-5.0,-0.1
370,Austin Rivers\riverau01,SG,25,LAC,26,860,12.2,.511,.437,.191,1.6,5.2,3.4,16.5,2.1,0.6,11.5,21.2,,0.4,0.4,0.8,.045,,0.2,-2.0,-1.8,0.0
371,Andre Roberson\roberan03,SF,26,OKC,26,696,10.1,.555,.311,.123,7.3,11.7,9.4,5.8,1.8,3.4,18.3,8.5,,0.4,1.0,1.4,.099,,-2.1,3.1,1.1,0.5
372,Rajon Rondo\rondora01,PG,31,NOP,16,413,16.4,.564,.339,.018,2.3,15.1,8.9,41.7,1.9,1.0,24.2,15.3,,0.8,0.3,1.1,.124,,0.1,-1.0,-0.9,0.1
373,Derrick Rose\rosede01,PG,29,CLE,7,188,11.7,.542,.157,.253,4.4,6.4,5.4,10.2,0.5,0.5,17.1,26.4,,-0.1,0.0,-0.1,-0.013,,-3.8,-4.3,-8.1,-0.3
374,Terrence Ross\rosste01,SG,26,ORL,22,576,10.5,.515,.480,.198,1.9,11.3,6.6,8.7,2.3,1.3,11.5,16.4,,0.0,0.4,0.4,.037,,-1.5,0.3,-1.3,0.1
375,Terry Rozier\roziete01,PG,23,BOS,31,720,13.2,.494,.521,.169,3.3,17.2,10.4,13.8,2.1,0.1,7.0,18.8,,0.5,1.2,1.7,.113,,-0.2,0.8,0.6,0.5
376,Ricky Rubio\rubiori01,PG,27,UTA,28,811,13.4,.527,.372,.340,2.0,13.1,7.4,26.3,2.8,0.4,21.2,22.9,,0.0,1.2,1.2,.068,,-0.9,0.9,-0.1,0.4
377,D'Angelo Russell\russeda01,PG,21,BRK,12,333,19.4,.539,.298,.307,2.8,14.8,8.8,39.6,1.7,0.5,17.1,35.3,,0.1,0.3,0.4,.052,,2.8,-0.5,2.3,0.4
378,Domantas Sabonis\sabondo01,C,21,IND,27,650,18.8,.604,.054,.444,12.5,25.8,19.3,12.3,0.6,0.9,17.1,21.7,,1.4,0.6,2.0,.149,,0.5,-0.4,0.0,0.3
379,JaKarr Sampson\sampsja02,SF,24,SAC,6,102,14.8,.656,.136,.091,8.7,25.9,16.9,3.0,1.0,3.7,8.0,11.0,,0.2,0.1,0.3,.145,,-1.7,-0.1,-1.8,0.0
380,Dario Saric\saricda01,PF,23,PHI,27,808,12.1,.517,.449,.136,7.6,16.6,12.2,11.0,0.8,0.9,12.6,18.5,,0.5,0.7,1.2,.070,,-0.5,-0.6,-1.0,0.2
381,Tomas Satoransky\satorto01,SG,26,WAS,20,339,15.5,.595,.300,.400,4.9,11.1,8.0,24.4,1.2,0.0,11.3,13.8,,0.9,0.3,1.2,.170,,1.8,-0.9,0.9,0.2
382,Dennis Schroder\schrode01,PG,24,ATL,27,862,18.8,.521,.210,.206,2.6,7.8,5.2,37.5,1.7,0.1,12.1,29.7,,1.2,0.2,1.4,.079,,2.1,-3.0,-1.0,0.2
383,Mike Scott\scottmi01,PF,29,WAS,26,481,15.5,.648,.313,.169,3.9,18.0,11.0,5.8,1.1,1.1,14.8,19.2,,0.6,0.6,1.2,.120,,-0.1,-0.8,-0.9,0.1
384,Thabo Sefolosha\sefolth01,SF,33,UTA,27,562,16.7,.619,.381,.213,3.2,20.0,11.5,6.7,3.4,0.9,9.6,15.1,,0.9,1.0,2.0,.168,,0.6,2.2,2.8,0.7
385,Wayne Selden\seldewa01,SG,23,MEM,2,19,15.3,.717,.500,.500,0.0,12.5,6.2,33.4,2.7,0.0,38.1,19.2,,0.0,0.0,0.0,.074,,-2.5,-2.3,-4.8,0.0
386,Ramon Sessions\sessira01,PG,31,NYK,10,149,7.6,.414,.224,.306,0.8,9.7,5.4,24.9,2.3,0.6,20.1,20.4,,-0.2,0.1,-0.1,-0.029,,-4.7,-0.9,-5.6,-0.1
387,Iman Shumpert\shumpim01,SG,27,CLE,13,271,6.9,.487,.439,.263,3.1,13.3,8.4,8.3,1.6,1.6,21.1,13.3,,-0.2,0.2,0.0,.001,,-3.5,0.1,-3.4,-0.1
388,Pascal Siakam\siakapa01,PF,23,TOR,26,524,13.6,.513,.344,.127,6.1,19.3,12.9,11.8,2.2,1.8,11.2,15.7,,0.4,0.8,1.2,.109,,-0.2,2.3,2.1,0.5
389,Ben Simmons\simmobe01,PG,21,PHI,27,993,18.3,.524,.021,.351,5.9,19.3,12.8,33.8,2.7,1.8,19.3,23.4,,0.7,1.5,2.2,.108,,0.0,3.2,3.2,1.3
390,Jonathon Simmons\simmojo02,SG,28,ORL,30,852,13.7,.561,.244,.317,3.5,10.1,6.8,11.8,1.4,0.5,14.5,24.3,,0.4,0.4,0.7,.042,,-1.0,-1.8,-2.8,-0.2
391,Kobi Simmons\simmoko01,PG,20,MEM,1,5,13.9,1.000,.000,.000,0.0,0.0,0.0,0.0,0.0,0.0,0.0,9.3,,0.0,0.0,0.0,.165,,1.8,-4.3,-2.4,0.0
392,Kyle Singler\singlky01,SF,29,OKC,4,32,0.9,.423,.333,.417,0.0,14.7,7.0,0.0,0.0,0.0,12.3,21.9,,-0.1,0.0,-0.1,-0.087,,-10.2,-6.6,-16.8,-0.1
393,Marcus Smart\smartma01,SG,23,BOS,29,885,9.0,.429,.456,.277,2.8,10.3,6.7,25.2,2.0,1.3,19.0,19.2,,-0.9,1.3,0.5,.027,,-2.9,1.2,-1.6,0.1
394,Dennis Smith\smithde03,PG,20,DAL,23,647,11.5,.465,.332,.150,3.3,12.9,7.9,25.6,1.5,1.0,16.2,29.8,,-1.2,0.6,-0.7,-0.050,,-2.5,-0.4,-2.9,-0.1
395,Ish Smith\smithis01,PG,29,DET,29,574,14.5,.480,.080,.124,1.7,11.0,6.2,31.9,1.1,0.9,10.9,22.5,,0.4,0.5,0.9,.076,,-1.7,-1.2,-2.9,-0.1
396,J.R. Smith\smithjr01,SG,32,CLE,29,889,8.3,.527,.712,.068,1.6,9.1,5.5,10.5,1.6,0.2,12.1,12.9,,0.4,0.4,0.8,.041,,0.1,-1.0,-1.0,0.2
397,Jason Smith\smithja02,C,31,WAS,12,131,5.0,.392,.362,.191,10.2,8.5,9.3,2.2,0.8,4.7,13.6,19.8,,-0.2,0.1,-0.1,-0.037,,-5.7,-0.6,-6.4,-0.1
398,Josh Smith\smithjo03,PF,32,NOP,3,12,3.6,.250,.000,.000,29.1,9.0,18.7,0.0,0.0,0.0,0.0,14.5,,0.0,0.0,0.0,-0.022,,-5.8,-7.9,-13.7,0.0
399,Tony Snell\snellto01,SG,26,MIL,23,729,10.8,.674,.590,.115,0.6,6.7,3.7,7.3,1.0,1.0,7.6,10.0,,1.2,0.2,1.4,.091,,1.4,-1.9,-0.5,0.3
400,Marreese Speights\speigma01,C,30,ORL,23,272,11.4,.500,.664,.107,3.2,16.0,9.6,8.2,0.7,2.0,8.2,27.2,,-0.1,0.2,0.0,.002,,-0.9,-3.8,-4.7,-0.2
401,Nik Stauskas\stausni01,SG,24,TOT,7,73,12.4,.808,.615,.538,0.0,11.5,5.7,6.4,2.6,0.0,27.2,12.7,,0.1,0.1,0.1,.093,,-1.2,0.1,-1.1,0.0
401,Nik Stauskas\stausni01,SG,24,PHI,6,45,0.9,.410,.250,.500,0.0,2.3,1.2,2.8,4.2,0.0,45.0,8.3,,-0.1,0.1,-0.1,-0.058,,-7.3,2.1,-5.2,0.0
401,Nik Stauskas\stausni01,G,24,BRK,1,28,30.9,.982,.778,.556,0.0,26.3,13.0,12.2,0.0,0.0,15.2,19.8,,0.2,0.0,0.2,.335,,8.6,-3.0,5.6,0.1
402,Lance Stephenson\stephla01,SG,27,IND,29,642,12.4,.503,.302,.219,4.4,21.2,13.0,17.5,1.1,0.7,15.1,19.0,,0.2,0.6,0.8,.056,,-1.6,-0.1,-1.6,0.1
403,Julyan Stone\stoneju01,SG,29,CHO,2,18,14.6,.750,1.000,.000,0.0,29.9,14.8,16.7,5.4,0.0,33.3,14.4,,0.0,0.0,0.0,.131,,-0.1,4.3,4.2,0.0
404,Caleb Swanigan\swanica01,PF,20,POR,14,129,7.5,.405,.125,.325,10.4,20.4,15.5,10.4,1.9,1.9,19.4,19.3,,-0.2,0.2,0.0,.001,,-5.7,1.7,-3.9,-0.1
405,Jayson Tatum\tatumja01,SF,19,BOS,31,941,17.0,.641,.345,.417,2.8,17.1,10.1,6.9,1.5,2.1,10.1,17.4,,2.1,1.6,3.7,.187,,1.0,1.6,2.6,1.1
406,Isaiah Taylor\taylois01,PG,23,ATL,22,347,11.3,.516,.245,.402,2.0,8.0,5.0,19.7,1.8,1.8,17.2,18.5,,0.1,0.1,0.2,.025,,-3.0,-1.5,-4.4,-0.2
407,Jeff Teague\teaguje01,PG,29,MIN,25,853,14.9,.553,.338,.262,1.1,8.4,4.7,30.4,2.3,0.8,20.1,19.9,,0.9,0.5,1.4,.076,,1.0,-1.7,-0.7,0.3
408,Mirza Teletovic\teletmi01,PF,32,MIL,10,159,14.1,.623,.789,.000,2.2,15.1,8.6,9.6,1.3,0.6,10.9,18.5,,0.2,0.1,0.3,.093,,2.2,-3.7,-1.5,0.0
409,Garrett Temple\templga01,SG,31,SAC,27,658,8.7,.493,.537,.154,1.2,9.3,5.1,9.2,2.1,2.0,12.2,15.7,,-0.2,0.3,0.1,.011,,-2.0,-0.3,-2.3,-0.1
410,Milos Teodosic\teodomi01,PG,30,LAC,4,78,10.2,.446,.636,.121,1.4,18.8,9.9,27.3,0.6,2.2,14.7,22.8,,0.0,0.1,0.0,.010,,-1.6,-1.6,-3.3,0.0
411,Jason Terry\terryja01,SG,40,MIL,10,111,5.8,.377,.632,.105,0.0,9.7,4.8,7.1,3.2,3.2,16.8,9.9,,-0.2,0.1,0.0,-0.016,,-4.7,1.2,-3.5,0.0
412,Daniel Theis\theisda01,C,25,BOS,29,353,14.5,.585,.202,.330,11.8,22.2,17.1,6.6,1.8,4.7,22.9,17.7,,0.2,0.8,1.0,.131,,-2.8,3.2,0.4,0.2
413,Lance Thomas\thomala01,PF,29,NYK,25,428,6.5,.519,.389,.356,4.9,11.7,8.4,3.1,0.9,0.0,14.0,12.4,,0.1,0.2,0.4,.040,,-2.0,-1.2,-3.3,-0.1
414,Klay Thompson\thompkl01,SG,27,GSW,29,975,18.2,.625,.456,.072,1.7,11.3,7.0,11.3,0.9,1.5,9.4,23.8,,1.9,0.9,2.8,.137,,3.1,-2.2,0.9,0.7
415,Tristan Thompson\thomptr01,C,26,CLE,9,179,9.8,.567,.000,.423,11.2,20.7,16.2,2.2,0.3,2.0,16.3,9.2,,0.2,0.1,0.3,.080,,-2.7,-1.0,-3.7,-0.1
416,Sindarius Thornwell\thornsi01,SG,23,LAC,27,438,6.7,.520,.319,.309,2.5,7.7,5.0,5.9,1.8,1.8,16.4,12.7,,-0.1,0.3,0.2,.022,,-3.1,0.0,-3.1,-0.1
417,Anthony Tolliver\tollian01,PF,32,DET,26,484,12.1,.593,.791,.231,3.3,13.3,8.1,8.1,1.1,1.3,10.9,15.0,,0.7,0.5,1.2,.116,,1.0,-0.3,0.7,0.3
418,Karl-Anthony Towns\townska01,C,22,MIN,29,1026,23.0,.621,.244,.318,9.2,29.8,19.4,8.5,1.2,3.6,11.7,23.2,,3.0,1.2,4.1,.192,,2.9,0.4,3.3,1.4
419,P.J. Tucker\tuckepj01,SF,32,HOU,27,721,9.1,.576,.709,.187,4.6,19.3,12.1,4.5,2.1,0.8,17.1,10.5,,0.4,1.0,1.4,.096,,-1.0,1.7,0.7,0.5
420,Evan Turner\turneev01,SF,29,POR,28,731,8.2,.471,.202,.231,1.5,14.5,8.1,13.1,1.4,1.2,17.0,16.6,,-0.5,1.0,0.5,.030,,-3.9,1.4,-2.5,-0.1
421,Myles Turner\turnemy01,C,21,IND,22,666,18.1,.570,.234,.266,4.4,21.7,13.2,8.2,0.5,6.7,9.6,20.5,,1.0,0.8,1.8,.133,,-0.7,2.0,1.3,0.5
422,Ekpe Udoh\udohek01,C,30,UTA,26,388,13.7,.537,.000,.382,9.6,9.7,9.6,10.8,2.2,7.7,15.7,8.9,,0.6,0.7,1.3,.159,,-1.2,6.2,5.1,0.7
423,Tyler Ulis\ulisty01,PG,22,PHO,29,694,10.6,.480,.208,.252,0.9,7.6,4.2,25.8,1.9,0.2,18.2,18.5,,-0.2,0.2,0.0,-0.001,,-2.4,-2.5,-5.0,-0.5
424,Jonas Valanciunas\valanjo01,C,25,TOR,23,484,20.1,.639,.052,.345,11.3,29.8,20.8,4.1,0.8,2.2,14.5,21.3,,1.2,0.7,1.9,.192,,-0.7,-0.6,-1.3,0.1
425,Denzel Valentine\valende01,SG,24,CHI,28,801,10.4,.485,.535,.043,2.7,17.3,9.6,15.3,1.3,0.3,9.4,15.9,,0.1,0.6,0.7,.044,,-1.3,0.0,-1.2,0.2
426,Fred VanVleet\vanvlfr01,PG,23,TOR,27,466,12.9,.496,.419,.163,1.3,8.7,5.1,22.8,2.4,1.1,12.3,18.4,,0.4,0.6,0.9,.097,,-0.3,-0.2,-0.5,0.2
427,Rashad Vaughn\vaughra01,SG,21,MIL,15,155,12.0,.545,.674,.130,0.8,9.3,5.0,11.2,1.3,1.1,2.0,14.7,,0.2,0.1,0.3,.090,,0.6,-3.6,-3.0,0.0
428,Noah Vonleh\vonleno01,PF,22,POR,21,411,12.6,.559,.000,.315,9.3,29.1,19.3,4.2,0.7,2.2,12.6,10.2,,0.5,0.7,1.2,.138,,-3.0,1.8,-1.2,0.1
429,Nikola Vucevic\vucevni01,C,27,ORL,30,918,21.6,.569,.287,.099,6.2,27.4,16.8,18.1,1.7,3.0,10.8,24.6,,1.5,1.2,2.7,.141,,2.0,2.0,4.1,1.4
430,Dwyane Wade\wadedw01,SG,36,CLE,27,640,16.7,.521,.126,.318,3.5,13.1,8.5,26.1,1.8,3.0,15.4,24.5,,0.5,0.6,1.1,.081,,-1.5,0.2,-1.4,0.1
431,Dion Waiters\waitedi01,SG,26,MIA,26,806,10.5,.481,.423,.154,1.2,7.9,4.6,20.3,1.2,0.8,13.8,25.8,,-0.8,0.6,-0.2,-0.012,,-2.2,-2.1,-4.3,-0.5
432,Kemba Walker\walkeke02,PG,27,CHO,26,919,20.9,.566,.403,.364,1.6,9.5,5.5,29.6,1.2,0.6,9.6,26.5,,2.5,0.7,3.2,.169,,5.2,-1.4,3.8,1.4
433,John Wall\walljo01,PG,27,WAS,18,608,20.5,.517,.240,.429,1.1,10.0,5.6,42.4,1.7,3.0,13.9,28.7,,0.9,0.7,1.6,.129,,2.3,0.1,2.4,0.7
434,Taurean Waller-Prince\princta02,SF,23,ATL,29,900,12.4,.544,.375,.156,2.8,16.7,9.7,12.6,1.7,1.5,15.8,20.0,,0.0,0.5,0.6,.030,,-1.4,-0.1,-1.5,0.1
435,Derrick Walton\waltode01,PG,22,MIA,4,12,7.3,.258,.333,.667,0.0,18.9,9.6,0.0,4.2,6.9,0.0,14.7,,0.0,0.0,0.0,-0.037,,-10.5,2.7,-7.9,0.0
436,T.J. Warren\warretj01,SF,24,PHO,30,942,17.7,.528,.101,.254,6.6,12.3,9.4,7.0,1.3,1.6,7.3,25.3,,1.2,0.3,1.5,.078,,-0.2,-2.3,-2.5,-0.1
437,Briante Weber\weberbr01,PG,25,HOU,4,14,3.7,,,,0.0,23.9,12.1,8.7,3.4,0.0,100.0,3.1,,0.0,0.0,0.0,.026,,-7.2,5.3,-1.8,0.0
438,David West\westda01,C,37,GSW,27,340,25.7,.688,.048,.218,7.3,20.9,14.8,19.3,2.7,7.5,17.6,21.1,,0.9,0.8,1.7,.240,,2.2,4.8,7.0,0.8
439,Russell Westbrook\westbru01,PG,29,OKC,28,1023,20.5,.477,.275,.351,5.0,25.7,14.9,48.9,2.7,0.3,16.7,33.9,,0.4,1.9,2.4,.112,,3.0,3.3,6.3,2.1
440,Derrick White\whitede01,PG,23,SAS,6,47,9.4,.467,.000,.857,4.7,16.7,10.7,8.7,3.2,3.6,23.7,12.0,,0.0,0.1,0.1,.060,,-5.2,4.1,-1.1,0.0
441,Okaro White\whiteok01,PF,25,MIA,6,80,9.2,.577,.688,.188,4.3,11.4,7.9,3.7,0.6,1.0,5.5,10.4,,0.1,0.1,0.1,.090,,-1.1,-1.2,-2.3,0.0
442,Isaiah Whitehead\whiteis01,PG,22,BRK,10,142,11.6,.539,.190,.270,2.2,12.6,7.3,21.5,2.3,1.1,23.8,27.3,,-0.2,0.1,-0.1,-0.030,,-4.3,-0.4,-4.7,-0.1
443,Hassan Whiteside\whiteha01,C,28,MIA,15,402,25.8,.612,.013,.325,12.1,42.1,27.3,2.8,1.7,5.0,11.2,23.3,,0.9,0.9,1.8,.211,,-2.7,0.5,-2.2,0.0
444,Andrew Wiggins\wiggian01,SF,22,MIN,29,1069,13.5,.511,.273,.319,3.4,9.1,6.2,7.6,1.6,1.4,9.4,23.8,,0.4,0.5,0.9,.040,,-0.7,-1.9,-2.6,-0.2
445,Jacob Wiley\wileyja01,PF,23,BRK,5,33,8.1,.410,.500,.500,6.3,28.7,17.4,7.9,1.4,0.0,0.0,6.2,,0.0,0.0,0.1,.095,,-3.6,1.2,-2.3,0.0
446,Damien Wilkins\wilkida02,SF,38,IND,14,89,5.5,.428,.421,.105,5.1,7.3,6.2,8.7,1.1,0.0,16.8,11.8,,-0.1,0.0,0.0,-0.013,,-3.5,-1.7,-5.2,-0.1
447,C.J. Williams\willicj01,SG,27,LAC,15,175,10.2,.524,.318,.091,3.1,9.0,6.0,11.0,2.0,0.5,9.9,12.7,,0.1,0.1,0.2,.068,,-1.5,-0.9,-2.4,0.0
448,Lou Williams\willilo02,SG,31,LAC,27,828,21.2,.595,.421,.333,2.0,8.3,5.1,27.5,1.5,0.4,13.8,28.0,,2.2,0.3,2.6,.148,,4.8,-3.1,1.7,0.8
449,Marvin Williams\willima02,PF,31,CHO,28,749,13.5,.612,.526,.209,3.8,14.1,8.9,6.5,1.3,1.3,8.5,13.5,,1.3,0.7,2.0,.131,,1.1,0.9,2.0,0.8
450,Troy Williams\willitr02,SF,23,HOU,4,17,-2.3,.242,.556,.333,6.7,19.6,13.3,8.3,2.8,0.0,8.8,28.9,,-0.1,0.0,-0.1,-0.246,,-11.4,-2.6,-14.0,-0.1
451,D.J. Wilson\wilsodj01,PF,21,MIL,11,40,1.3,.444,.333,.000,0.0,15.0,7.4,3.5,0.0,0.0,18.2,12.6,,-0.1,0.0,-0.1,-0.078,,-7.2,-4.1,-11.3,-0.1
452,Jamil Wilson\wilsoja02,SF,27,LAC,9,132,10.4,.601,.718,.103,2.4,10.3,6.3,9.3,0.0,2.0,12.8,15.5,,0.2,0.0,0.2,.066,,0.1,-2.6,-2.5,0.0
453,Justise Winslow\winslju01,SF,21,MIA,27,611,11.3,.490,.243,.154,4.9,22.1,13.6,12.8,1.5,1.4,13.4,15.5,,0.1,0.7,0.8,.064,,-2.9,1.7,-1.2,0.1
454,Jeff Withey\witheje01,C,27,DAL,10,39,8.7,.444,.625,.125,2.7,26.4,14.1,0.0,0.0,7.1,10.6,22.0,,-0.1,0.1,0.0,-0.045,,-8.8,-3.0,-11.8,-0.1
455,Nate Wolters\woltena01,PG,26,UTA,4,11,-5.0,.000,.000,.000,10.3,10.6,10.5,11.6,0.0,0.0,0.0,12.3,,0.0,0.0,0.0,-0.182,,-10.5,-1.0,-11.5,0.0
456,Brandan Wright\wrighbr03,PF,30,MEM,16,229,20.2,.581,.000,.365,10.3,18.2,14.2,3.7,1.8,7.3,3.9,15.4,,0.5,0.3,0.9,.183,,-1.4,2.6,1.3,0.2
457,Delon Wright\wrighde01,PG,25,TOR,15,307,14.9,.646,.411,.452,2.3,10.3,6.4,17.2,2.2,1.4,22.2,16.1,,0.5,0.4,0.9,.137,,0.7,0.9,1.6,0.3
458,Guerschon Yabusele\yabusgu01,PF,22,BOS,10,52,15.8,.559,.647,.118,17.3,16.5,16.9,11.9,0.0,1.6,14.4,18.0,,0.1,0.1,0.2,.163,,2.1,-0.9,1.2,0.0
459,Joe Young\youngjo01,PG,25,IND,15,88,10.2,.483,.289,.263,3.9,9.9,6.9,13.6,0.6,0.0,12.4,24.1,,0.0,0.0,0.0,-0.008,,-3.2,-4.1,-7.4,-0.1
460,Nick Young\youngni01,SG,32,GSW,27,353,14.1,.616,.717,.174,1.4,8.6,5.4,5.0,1.8,0.5,8.6,20.0,,0.5,0.3,0.8,.107,,2.0,-3.4,-1.4,0.1
461,Thaddeus Young\youngth01,PF,29,IND,29,982,15.7,.541,.257,.069,7.4,13.3,10.4,8.5,2.6,1.2,9.2,17.6,,1.2,1.0,2.2,.109,,1.1,1.0,2.2,1.0
462,Cody Zeller\zelleco01,C,25,CHO,19,378,16.1,.568,.011,.611,12.8,16.8,14.8,6.5,1.2,4.7,14.8,16.2,,0.6,0.5,1.1,.146,,-1.2,2.8,1.6,0.3
463,Tyler Zeller\zellety01,C,28,BRK,20,377,16.4,.632,.094,.342,8.2,18.4,13.3,6.1,0.9,2.2,15.1,17.6,,0.6,0.3,0.9,.117,,-1.2,0.1,-1.1,0.1
464,Paul Zipser\zipsepa01,SF,23,CHI,25,403,3.6,.382,.408,.083,1.3,19.7,10.0,9.5,1.2,0.9,15.0,16.0,,-0.9,0.3,-0.6,-0.070,,-7.1,0.0,-7.1,-0.5
465,Ante Zizic\zizican01,C,21,CLE,11,39,13.3,.462,.000,.636,15.2,22.4,18.9,3.5,0.0,6.7,12.4,18.4,,0.0,0.0,0.1,.071,,-5.7,-0.8,-6.5,0.0
466,Ivica Zubac\zubaciv01,C,20,LAL,6,14,0.7,.400,.000,.000,15.0,15.1,15.0,0.0,0.0,0.0,28.6,20.8,,-0.1,0.0,0.0,-0.149,,-11.9,-6.4,-18.3,-0.1